证券代码,无用,业务,成交数量,成交价格,委托状态,无用二
300739,101,证券卖出,50,20.66,已成,0
603297,101,证券卖出,60,44.61,已成,0
2555,101,证券卖出,600,44.4,已成,0
2829,101,证券卖出,100,35.29,已成,0
300577,101,证券卖出,200,29.4,已成,0
300455,100,证券买入,8400,14.22,已成,0
603360,101,证券卖出,1900,20.08,部分成交,0
603360,101,证券卖出,100,20.08,已成,0
300751,100,证券买入,100,291.0,已成,0
2705,100,证券买入,500,34.79,已成,0
603713,100,证券买入,100,95.99,已成,0
603856,100,证券买入,400,15.04,已成,0
600486,100,证券买入,400,80.47,已成,0
600901,100,证券买入,7700,5.79,部分成交,0
600901,100,证券买入,1800,5.79,部分成交,0
600901,100,证券买入,200,5.79,部分成交,0
600901,100,证券买入,9300,5.79,已成,0
2891,100,证券买入,100,38.37,部分成交,0
603338,100,证券买入,100,75.27,已成,0
2555,101,证券卖出,100,44.37,部分成交,0
2555,101,证券卖出,900,44.36,已成,0
2352,101,证券卖出,300,56.71,已成,0
2705,100,证券买入,500,34.77,已成,0
2829,101,证券卖出,300,35.26,已成,0
603360,101,证券卖出,1200,20.1,已成,0
600901,100,证券买入,14900,5.79,已成,0
600486,100,证券买入,200,80.49,部分成交,0
600486,100,证券买入,200,80.5,已成,0
603338,100,证券买入,100,75.26,已成,0
2891,100,证券买入,200,38.18,已成,0
300455,100,证券买入,700,14.23,部分成交,0
603713,100,证券买入,200,96.05,已成,0
300566,101,证券卖出,100,29.07,已成,0
300455,100,证券买入,500,14.23,部分成交,0
300577,101,证券卖出,100,29.38,部分成交,0
2352,101,证券卖出,300,56.7,已成,0
2829,101,证券卖出,200,35.3,部分成交,0
2555,101,证券卖出,100,44.33,部分成交,0
2891,100,证券买入,400,38.18,已成,0
2555,101,证券卖出,1000,44.33,已成,0
600486,100,证券买入,1200,80.5,已成,0
300566,101,证券卖出,400,29.04,已成,0
600901,100,证券买入,13200,5.79,已成,0
603360,101,证券卖出,100,20.08,部分成交,0
603713,100,证券买入,200,96.16,已成,0
603338,100,证券买入,100,75.39,已成,0
603856,100,证券买入,600,15.09,已成,0
601818,101,证券卖出,100,4.18,已成,0
2555,101,证券卖出,300,44.18,部分成交,0
2555,101,证券卖出,200,44.18,部分成交,0
2555,101,证券卖出,200,44.17,已成,0
300566,101,证券卖出,100,29.04,已成,0
2891,100,证券买入,100,38.2,已成,0
603856,100,证券买入,200,15.09,已成,0
603338,100,证券买入,100,75.49,已成,0
2555,101,证券卖出,100,44.15,已成,0
300566,101,证券卖出,100,29.06,已成,0
2352,101,证券卖出,300,56.67,已成,0
603338,100,证券买入,100,75.5,已成,0
2705,100,证券买入,100,34.63,部分成交,0
2705,100,证券买入,100,34.63,已成,0
603856,100,证券买入,200,15.09,部分成交,0
2891,100,证券买入,100,38.22,已成,0
2829,101,证券卖出,200,35.28,已成,0
2352,101,证券卖出,100,56.64,部分成交,0
2555,101,证券卖出,200,44.2,已成,0
2352,101,证券卖出,100,56.63,已成,0
2829,101,证券卖出,300,35.28,已成,0
2705,100,证券买入,200,34.69,已成,0
300566,101,证券卖出,600,29.1,已成,0
600901,100,证券买入,4100,5.81,已成,0
603713,100,证券买入,100,96.29,已成,0
603338,100,证券买入,100,75.5,已成,0
603856,100,证券买入,2100,15.1,已成,0
2891,100,证券买入,100,38.19,已成,0
2555,101,证券卖出,1400,44.15,已成,0
2891,100,证券买入,100,38.2,已成,0
2352,101,证券卖出,2000,56.61,已成,0
300751,100,证券买入,100,292.04,已成,0
2705,100,证券买入,800,34.7,已成,0
300566,101,证券卖出,400,29.13,已成,0
603338,100,证券买入,100,75.48,已成,0
603713,100,证券买入,100,96.27,已成,0
600901,100,证券买入,1300,5.81,部分成交,0
603856,100,证券买入,1300,15.1,已成,0
600901,100,证券买入,3300,5.82,已成,0
300566,101,证券卖出,400,29.15,已成,0
2352,101,证券卖出,300,56.59,部分成交,0
2352,101,证券卖出,300,56.58,部分成交,0
2352,101,证券卖出,300,56.58,部分成交,0
2352,101,证券卖出,500,56.58,部分成交,0
2352,101,证券卖出,500,56.58,部分成交,0
2352,101,证券卖出,1000,56.58,部分成交,0
2352,101,证券卖出,400,56.58,已成,0
2555,101,证券卖出,100,44.15,已成,0
2891,100,证券买入,200,38.21,已成,0
603856,100,证券买入,4700,15.1,已成,0
603338,100,证券买入,200,75.47,已成,0
603713,100,证券买入,100,96.29,已成,0
600901,100,证券买入,2200,5.81,部分成交,0
600901,100,证券买入,3500,5.82,已成,0
300577,101,证券卖出,100,29.38,已成,0
2555,101,证券卖出,100,44.13,已成,0
2829,101,证券卖出,200,35.15,部分成交,0
300566,101,证券卖出,600,29.16,已成,0
2829,101,证券卖出,300,35.14,已成,0
2352,101,证券卖出,1900,56.57,已成,0
300577,101,证券卖出,200,29.37,已成,0
2891,100,证券买入,200,38.21,已成,0
603713,100,证券买入,100,96.19,已成,0
600901,100,证券买入,5600,5.81,已成,0
603856,100,证券买入,100,15.11,部分成交,0
603856,100,证券买入,3300,15.11,已成,0
2352,101,证券卖出,500,56.55,部分成交,0
2555,101,证券卖出,900,44.16,部分成交,0
2352,101,证券卖出,500,56.55,已成,0
2555,101,证券卖出,100,44.15,部分成交,0
2555,101,证券卖出,700,44.14,已成,0
2829,101,证券卖出,500,35.17,已成,0
300566,101,证券卖出,200,29.2,部分成交,0
300566,101,证券卖出,100,29.16,部分成交,0
300566,101,证券卖出,400,29.16,已成,0
300577,101,证券卖出,100,29.4,已成,0
600901,100,证券买入,3400,5.8,已成,0
600486,100,证券买入,100,80.53,部分成交,0
600486,100,证券买入,200,80.56,部分成交,0
603713,100,证券买入,100,96.28,已成,0
603856,100,证券买入,1900,15.1,已成,0
600486,100,证券买入,2,80.56,部分成交,0
600486,100,证券买入,200,80.56,部分成交,0
600486,100,证券买入,98,80.56,已成,0
300577,101,证券卖出,100,29.38,已成,0
300566,101,证券卖出,100,29.2,部分成交,0
300566,101,证券卖出,300,29.2,部分成交,0
300566,101,证券卖出,100,29.18,已成,0
2555,101,证券卖出,1400,44.19,已成,0
2891,100,证券买入,100,38.38,已成,0
2705,100,证券买入,600,34.6,已成,0
603713,100,证券买入,100,96.1,已成,0
603360,101,证券卖出,200,20.13,已成,0
603338,100,证券买入,100,75.34,已成,0
300751,100,证券买入,100,291.16,已成,0
600486,100,证券买入,700,80.6,已成,0
603856,100,证券买入,1500,15.14,部分成交,0
603856,100,证券买入,600,15.14,已成,0
2352,101,证券卖出,700,56.35,已成,0
2555,101,证券卖出,700,44.16,部分成交,0
2555,101,证券卖出,100,44.16,部分成交,0
2555,101,证券卖出,100,44.16,已成,0
300577,101,证券卖出,200,29.4,已成,0
300566,101,证券卖出,2100,29.18,已成,0
300455,100,证券买入,2000,14.29,部分成交,0
300455,100,证券买入,200,14.29,部分成交,0
300455,100,证券买入,900,14.29,已成,0
2891,100,证券买入,100,38.29,已成,0
2705,100,证券买入,200,34.59,部分成交,0
603360,101,证券卖出,200,20.13,已成,0
603338,100,证券买入,100,75.36,部分成交,0
603338,100,证券买入,100,75.36,部分成交,0
603338,100,证券买入,100,75.37,已成,0
603713,100,证券买入,100,96.25,已成,0
600486,100,证券买入,100,80.62,部分成交,0
600486,100,证券买入,100,80.62,已成,0
2829,101,证券卖出,100,35.14,已成,0
2705,100,证券买入,200,34.63,部分成交,0
300751,100,证券买入,100,291.01,已成,0
603856,100,证券买入,2000,15.14,已成,0
2555,101,证券卖出,77,44.13,部分成交,0
2829,101,证券卖出,300,35.1,已成,0
2555,101,证券卖出,100,44.12,部分成交,0
2555,101,证券卖出,500,44.12,部分成交,0
2555,101,证券卖出,223,44.12,已成,0
300577,101,证券卖出,100,29.47,已成,0
300566,101,证券卖出,400,29.24,部分成交,0
300566,101,证券卖出,1600,29.23,已成,0
2352,101,证券卖出,500,56.35,已成,0
300751,100,证券买入,100,291.36,已成,0
2891,100,证券买入,100,38.28,已成,0
603360,101,证券卖出,400,20.13,已成,0
300455,100,证券买入,1700,14.29,部分成交,0
300455,100,证券买入,1000,14.29,部分成交,0
300455,100,证券买入,400,14.3,已成,0
600486,100,证券买入,100,80.55,已成,0
2705,100,证券买入,500,34.62,部分成交,0
603713,100,证券买入,100,96.27,已成,0
600901,100,证券买入,1700,5.82,部分成交,0
600901,100,证券买入,1000,5.82,部分成交,0
600901,100,证券买入,1400,5.82,已成,0
603338,100,证券买入,100,75.26,已成,0
2829,101,证券卖出,400,35.18,部分成交,0
2829,101,证券卖出,1100,35.16,已成,0
2555,101,证券卖出,200,44.07,已成,0
2891,100,证券买入,500,38.25,已成,0
2555,101,证券卖出,300,44.07,已成,0
2829,101,证券卖出,200,35.16,已成,0
603713,100,证券买入,100,96.03,部分成交,0
603713,100,证券买入,100,96.04,已成,0
2829,101,证券卖出,300,35.17,部分成交,0
2829,101,证券卖出,1000,35.16,已成,0
2555,101,证券卖出,300,44.06,部分成交,0
600901,100,证券买入,700,5.81,部分成交,0
600901,100,证券买入,4900,5.82,已成,0
603713,100,证券买入,100,96.17,已成,0
2555,101,证券卖出,500,44.06,部分成交,0
2555,101,证券卖出,4600,44.06,已成,0
2555,101,证券卖出,1200,44.03,部分成交,0
2555,101,证券卖出,400,44.02,已成,0
2891,100,证券买入,400,38.27,已成,0
600901,100,证券买入,300,5.82,部分成交,0
600901,100,证券买入,300,5.82,部分成交,0
600901,100,证券买入,3000,5.82,已成,0
603713,100,证券买入,100,96.11,已成,0
2555,101,证券卖出,300,44.05,部分成交,0
2555,101,证券卖出,100,44.05,部分成交,0
2555,101,证券卖出,300,44.05,部分成交,0
2555,101,证券卖出,800,44.03,部分成交,0
2555,101,证券卖出,200,44.02,部分成交,0
2555,101,证券卖出,100,44.01,部分成交,0
2555,101,证券卖出,200,44.0,部分成交,0
2555,101,证券卖出,500,44.0,部分成交,0
2555,101,证券卖出,200,44.0,部分成交,0
2555,101,证券卖出,100,44.0,部分成交,0
2555,101,证券卖出,100,44.0,部分成交,0
2555,101,证券卖出,100,44.0,已成,0
2829,101,证券卖出,200,35.15,已成,0
2891,100,证券买入,400,38.26,已成,0
300455,100,证券买入,800,14.33,部分成交,0
300455,100,证券买入,200,14.33,部分成交,0
300455,100,证券买入,100,14.33,部分成交,0
300455,100,证券买入,500,14.33,部分成交,0
300455,100,证券买入,500,14.33,部分成交,0
600901,100,证券买入,3700,5.82,已成,0
300455,100,证券买入,200,14.33,已成,0
603713,100,证券买入,100,96.2,已成,0
2555,101,证券卖出,200,44.01,部分成交,0
2829,101,证券卖出,200,35.16,已成,0
2555,101,证券卖出,300,44.0,部分成交,0
2555,101,证券卖出,400,44.0,部分成交,0
2555,101,证券卖出,500,44.0,部分成交,0
2555,101,证券卖出,200,44.0,已成,0
300455,100,证券买入,2300,14.31,已成,0
2891,100,证券买入,400,38.22,已成,0
603360,101,证券卖出,300,20.11,部分成交,0
603713,100,证券买入,100,96.28,已成,0
603360,101,证券卖出,100,20.11,已成,0
600486,100,证券买入,200,80.66,已成,0
300751,100,证券买入,100,290.58,已成,0
600901,100,证券买入,900,5.81,部分成交,0
600901,100,证券买入,4000,5.81,已成,0
2555,101,证券卖出,700,43.99,部分成交,0
2555,101,证券卖出,1000,43.99,部分成交,0
2555,101,证券卖出,500,43.99,部分成交,0
2555,101,证券卖出,100,43.99,已成,0
2829,101,证券卖出,200,35.14,已成,0
300566,101,证券卖出,2000,29.2,部分成交,0
300566,101,证券卖出,400,29.19,已成,0
2352,101,证券卖出,500,56.57,已成,0
2705,100,证券买入,700,34.7,已成,0
2891,100,证券买入,400,38.27,已成,0
300751,100,证券买入,100,291.13,已成,0
603360,101,证券卖出,400,20.13,部分成交,0
603360,101,证券卖出,100,20.11,已成,0
603713,100,证券买入,100,96.25,已成,0
603856,100,证券买入,400,15.21,已成,0
600486,100,证券买入,100,80.67,已成,0
600901,100,证券买入,15600,5.82,部分成交,0
600901,100,证券买入,3800,5.82,已成,0
2555,101,证券卖出,100,43.95,部分成交,0
2555,101,证券卖出,100,43.95,部分成交,0
2555,101,证券卖出,100,43.95,部分成交,0
2555,101,证券卖出,100,43.95,部分成交,0
2555,101,证券卖出,100,43.95,部分成交,0
2555,101,证券卖出,100,43.95,部分成交,0
2555,101,证券卖出,200,43.95,部分成交,0
2829,101,证券卖出,100,35.1,已成,0
300566,101,证券卖出,100,29.22,部分成交,0
2352,101,证券卖出,1800,56.57,已成,0
2555,101,证券卖出,300,43.95,已成,0
300455,100,证券买入,3000,14.33,已成,0
2705,100,证券买入,900,34.7,已成,0
2891,100,证券买入,200,38.23,部分成交,0
2891,100,证券买入,100,38.24,部分成交,0
2891,100,证券买入,100,38.25,已成,0
603360,101,证券卖出,300,20.12,已成,0
603713,100,证券买入,300,96.11,已成,0
603338,100,证券买入,100,75.36,部分成交,0
603338,100,证券买入,100,75.38,部分成交,0
603338,100,证券买入,100,75.38,已成,0
603856,100,证券买入,400,15.2,已成,0
600486,100,证券买入,100,80.66,已成,0
600901,100,证券买入,1200,5.82,部分成交,0
300566,101,证券卖出,300,29.21,已成,0
600901,100,证券买入,200,5.82,部分成交,0
600901,100,证券买入,100,5.82,部分成交,0
600901,100,证券买入,100,5.82,部分成交,0
600901,100,证券买入,2200,5.82,部分成交,0
600901,100,证券买入,5000,5.82,部分成交,0
600901,100,证券买入,4300,5.82,部分成交,0
300566,101,证券卖出,100,29.22,已成,0
2555,101,证券卖出,800,43.92,已成,0
2352,101,证券卖出,1800,56.52,已成,0
2705,100,证券买入,400,34.7,已成,0
603360,101,证券卖出,700,20.12,已成,0
600486,100,证券买入,100,80.68,已成,0
600901,100,证券买入,600,5.82,已成,0
603713,100,证券买入,200,96.11,已成,0
603338,100,证券买入,400,75.37,已成,0
603856,100,证券买入,300,15.2,部分成交,0
603856,100,证券买入,100,15.2,已成,0
2891,100,证券买入,500,38.3,已成,0
300577,101,证券卖出,100,29.45,部分成交,0
300566,101,证券卖出,300,29.22,部分成交,0
2555,101,证券卖出,1000,43.99,已成,0
300577,101,证券卖出,700,29.44,已成,0
2352,101,证券卖出,2500,56.47,已成,0
300455,100,证券买入,4600,14.33,已成,0
2705,100,证券买入,100,34.69,部分成交,0
2705,100,证券买入,400,34.7,已成,0
603360,101,证券卖出,500,20.1,部分成交,0
603360,101,证券卖出,700,20.1,已成,0
300751,100,证券买入,100,291.45,已成,0
603713,100,证券买入,200,96.05,已成,0
603856,100,证券买入,700,15.16,部分成交,0
603338,100,证券买入,300,75.37,已成,0
603856,100,证券买入,100,15.16,已成,0
600486,100,证券买入,100,80.7,已成,0
2891,100,证券买入,500,38.35,已成,0
300566,101,证券卖出,100,29.21,部分成交,0
300566,101,证券卖出,300,29.21,已成,0
603360,101,证券卖出,1200,20.08,已成,0
603338,100,证券买入,100,75.38,部分成交,0
603338,100,证券买入,300,75.38,已成,0
2829,101,证券卖出,200,35.01,已成,0
600486,100,证券买入,100,80.67,已成,0
2829,101,证券卖出,400,35.0,已成,0
2705,100,证券买入,300,34.58,部分成交,0
2705,100,证券买入,100,34.58,已成,0
600486,100,证券买入,100,80.67,已成,0
2555,101,证券卖出,700,43.94,部分成交,0
2555,101,证券卖出,400,43.94,已成,0
2352,101,证券卖出,400,56.52,部分成交,0
2352,101,证券卖出,100,56.52,已成,0
2829,101,证券卖出,100,35.03,已成,0
2705,100,证券买入,200,34.58,部分成交,0
2705,100,证券买入,200,34.59,已成,0
600486,100,证券买入,200,80.62,已成,0
603338,100,证券买入,100,75.04,已成,0
2352,101,证券卖出,100,56.55,部分成交,0
2829,101,证券卖出,200,35.01,部分成交,0
2352,101,证券卖出,200,56.55,部分成交,0
2829,101,证券卖出,100,35.01,已成,0
2352,101,证券卖出,2200,56.51,已成,0
2555,101,证券卖出,700,43.93,部分成交,0
2555,101,证券卖出,200,43.93,部分成交,0
2555,101,证券卖出,200,43.93,已成,0
2705,100,证券买入,600,34.57,部分成交,0
2705,100,证券买入,500,34.58,已成,0
603856,100,证券买入,700,15.17,已成,0
603338,100,证券买入,100,74.99,已成,0
600486,100,证券买入,600,80.62,已成,0
603713,100,证券买入,100,95.61,已成,0
2352,101,证券卖出,1000,56.53,部分成交,0
2352,101,证券卖出,2400,56.51,已成,0
2555,101,证券卖出,2000,43.91,已成,0
2829,101,证券卖出,300,35.05,已成,0
2705,100,证券买入,600,34.58,已成,0
603856,100,证券买入,700,15.16,已成,0
600486,100,证券买入,300,80.62,已成,0
2555,101,证券卖出,2100,43.92,部分成交,0
2352,101,证券卖出,2700,56.51,已成,0
300455,100,证券买入,100,14.29,部分成交,0
2555,101,证券卖出,700,43.92,已成,0
300455,100,证券买入,2000,14.29,部分成交,0
300455,100,证券买入,100,14.29,部分成交,0
300455,100,证券买入,500,14.29,部分成交,0
300455,100,证券买入,100,14.3,部分成交,0
300455,100,证券买入,1600,14.3,已成,0
2705,100,证券买入,100,34.57,部分成交,0
2891,100,证券买入,100,38.5,部分成交,0
2705,100,证券买入,400,34.58,已成,0
2891,100,证券买入,500,38.5,已成,0
600486,100,证券买入,300,80.67,已成,0
603713,100,证券买入,400,95.54,已成,0
603856,100,证券买入,600,15.16,已成,0
603338,100,证券买入,300,74.9,已成,0
2352,101,证券卖出,400,56.53,部分成交,0
2352,101,证券卖出,100,56.51,已成,0
2555,101,证券卖出,2800,43.92,已成,0
300577,101,证券卖出,100,29.51,已成,0
300566,101,证券卖出,800,29.2,部分成交,0
300566,101,证券卖出,500,29.2,部分成交,0
2705,100,证券买入,100,34.55,部分成交,0
2705,100,证券买入,100,34.56,部分成交,0
2891,100,证券买入,200,38.5,已成,0
2705,100,证券买入,200,34.56,部分成交,0
2705,100,证券买入,100,34.56,部分成交,0
2705,100,证券买入,100,34.56,部分成交,0
2705,100,证券买入,100,34.56,部分成交,0
2705,100,证券买入,100,34.56,部分成交,0
2705,100,证券买入,1300,34.57,部分成交,0
2705,100,证券买入,100,34.58,已成,0
603360,101,证券卖出,1300,20.1,已成,0
300751,100,证券买入,100,289.72,已成,0
300455,100,证券买入,2000,14.3,部分成交,0
300455,100,证券买入,1100,14.3,部分成交,0
300455,100,证券买入,500,14.3,部分成交,0
300455,100,证券买入,200,14.3,部分成交,0
300455,100,证券买入,500,14.3,部分成交,0
300455,100,证券买入,1000,14.3,已成,0
600486,100,证券买入,300,80.68,已成,0
603713,100,证券买入,100,95.61,部分成交,0
603856,100,证券买入,100,15.15,部分成交,0
603856,100,证券买入,500,15.15,已成,0
2829,101,证券卖出,300,35.12,已成,0
603338,100,证券买入,200,74.88,已成,0
2555,101,证券卖出,300,43.89,部分成交,0
2555,101,证券卖出,200,43.89,部分成交,0
2555,101,证券卖出,1000,43.89,部分成交,0
2555,101,证券卖出,200,43.89,部分成交,0
2555,101,证券卖出,100,43.89,部分成交,0
2555,101,证券卖出,300,43.88,部分成交,0
2555,101,证券卖出,700,43.88,已成,0
300566,101,证券卖出,2400,29.18,已成,0
300577,101,证券卖出,100,29.52,已成,0
2829,101,证券卖出,200,35.11,已成,0
300455,100,证券买入,600,14.28,部分成交,0
300455,100,证券买入,1500,14.29,部分成交,0
300455,100,证券买入,600,14.29,部分成交,0
300455,100,证券买入,700,14.3,已成,0
2891,100,证券买入,100,38.54,已成,0
2705,100,证券买入,600,34.49,部分成交,0
2705,100,证券买入,300,34.5,已成,0
603360,101,证券卖出,1500,20.1,已成,0
2352,101,证券卖出,100,56.47,部分成交,0
600486,100,证券买入,100,80.64,部分成交,0
600486,100,证券买入,100,80.64,部分成交,0
600486,100,证券买入,100,80.66,已成,0
603713,100,证券买入,100,95.64,已成,0
603338,100,证券买入,200,74.91,部分成交,0
603338,100,证券买入,100,74.99,部分成交,0
603338,100,证券买入,300,75.0,已成,0
603856,100,证券买入,400,15.14,已成,0
2555,101,证券卖出,5700,43.9,已成,0
2829,101,证券卖出,100,35.13,部分成交,0
300566,101,证券卖出,200,29.16,部分成交,0
300566,101,证券卖出,300,29.16,部分成交,0
300566,101,证券卖出,1300,29.16,部分成交,0
2891,100,证券买入,100,38.56,已成,0
300577,101,证券卖出,200,29.52,部分成交,0
300751,100,证券买入,100,289.72,已成,0
300577,101,证券卖出,300,29.52,已成,0
300455,100,证券买入,800,14.29,已成,0
600486,100,证券买入,100,80.6,部分成交,0
600486,100,证券买入,1200,80.62,已成,0
603338,100,证券买入,200,74.88,部分成交,0
603338,100,证券买入,100,74.9,已成,0
300566,101,证券卖出,200,29.16,部分成交,0
603856,100,证券买入,400,15.14,已成,0
300566,101,证券卖出,100,29.16,部分成交,0
300566,101,证券卖出,100,29.16,部分成交,0
2555,101,证券卖出,100,43.88,部分成交,0
2555,101,证券卖出,1000,43.88,部分成交,0
2555,101,证券卖出,300,43.88,部分成交,0
2555,101,证券卖出,200,43.88,部分成交,0
2555,101,证券卖出,100,43.88,部分成交,0
2555,101,证券卖出,500,43.88,部分成交,0
2555,101,证券卖出,100,43.88,部分成交,0
2555,101,证券卖出,200,43.88,部分成交,0
2555,101,证券卖出,200,43.88,部分成交,0
2555,101,证券卖出,500,43.88,部分成交,0
2555,101,证券卖出,100,43.88,部分成交,0
2555,101,证券卖出,100,43.88,部分成交,0
2555,101,证券卖出,100,43.88,部分成交,0
2555,101,证券卖出,500,43.88,部分成交,0
2555,101,证券卖出,100,43.88,部分成交,0
2555,101,证券卖出,200,43.88,部分成交,0
2555,101,证券卖出,100,43.88,已成,0
2829,101,证券卖出,300,35.07,已成,0
300566,101,证券卖出,400,29.14,部分成交,0
2891,100,证券买入,135,38.6,部分成交,0
2891,100,证券买入,300,38.6,部分成交,0
2705,100,证券买入,900,34.56,已成,0
603360,101,证券卖出,260,20.1,部分成交,0
603360,101,证券卖出,1040,20.09,已成,0
300577,101,证券卖出,500,29.52,已成,0
2829,101,证券卖出,200,34.98,已成,0
2555,101,证券卖出,3400,43.82,部分成交,0
2555,101,证券卖出,200,43.82,部分成交,0
2555,101,证券卖出,1923,43.81,部分成交,0
2555,101,证券卖出,377,43.81,已成,0
2891,100,证券买入,100,38.56,已成,0
2829,101,证券卖出,200,34.97,已成,0
603713,100,证券买入,100,95.51,已成,0
603856,100,证券买入,500,15.19,部分成交,0
603856,100,证券买入,100,15.19,已成,0
300577,101,证券卖出,100,29.56,已成,0
2352,101,证券卖出,600,56.36,已成,0
2829,101,证券卖出,200,34.95,已成,0
2555,101,证券卖出,100,43.8,部分成交,0
2555,101,证券卖出,100,43.8,部分成交,0
2555,101,证券卖出,500,43.8,部分成交,0
2555,101,证券卖出,800,43.8,部分成交,0
2555,101,证券卖出,200,43.8,部分成交,0
2555,101,证券卖出,100,43.8,部分成交,0
2555,101,证券卖出,100,43.8,部分成交,0
2555,101,证券卖出,100,43.8,部分成交,0
2555,101,证券卖出,200,43.8,部分成交,0
2555,101,证券卖出,100,43.8,部分成交,0
2555,101,证券卖出,200,43.8,部分成交,0
2555,101,证券卖出,200,43.8,部分成交,0
2555,101,证券卖出,300,43.8,部分成交,0
2555,101,证券卖出,500,43.8,部分成交,0
2555,101,证券卖出,500,43.8,部分成交,0
2555,101,证券卖出,500,43.8,部分成交,0
2555,101,证券卖出,200,43.8,部分成交,0
2555,101,证券卖出,100,43.8,部分成交,0
2555,101,证券卖出,3100,43.8,已成,0
2891,100,证券买入,800,38.56,已成,0
300751,100,证券买入,100,290.0,已成,0
603856,100,证券买入,600,15.18,已成,0
300577,101,证券卖出,100,29.57,已成,0
2829,101,证券卖出,100,34.88,已成,0
2352,101,证券卖出,100,56.36,部分成交,0
2352,101,证券卖出,1000,56.36,部分成交,0
2352,101,证券卖出,100,56.36,部分成交,0
2352,101,证券卖出,300,56.36,部分成交,0
2352,101,证券卖出,300,56.35,已成,0
2555,101,证券卖出,200,43.73,部分成交,0
2555,101,证券卖出,200,43.73,部分成交,0
300751,100,证券买入,100,289.94,已成,0
2705,100,证券买入,600,34.55,已成,0
2555,101,证券卖出,100,43.73,已成,0
603338,100,证券买入,400,74.51,部分成交,0
603338,100,证券买入,100,74.52,已成,0
2891,100,证券买入,100,38.58,已成,0
603856,100,证券买入,600,15.2,已成,0
300566,101,证券卖出,300,29.15,已成,0
2555,101,证券卖出,800,43.69,已成,0
2829,101,证券卖出,100,34.86,已成,0
300566,101,证券卖出,500,29.14,部分成交,0
300577,101,证券卖出,100,29.62,已成,0
300566,101,证券卖出,100,29.14,部分成交,0
300566,101,证券卖出,300,29.11,已成,0
2705,100,证券买入,100,34.51,部分成交,0
2352,101,证券卖出,1000,56.28,已成,0
2705,100,证券买入,700,34.52,已成,0
2891,100,证券买入,300,38.53,已成,0
300751,100,证券买入,100,289.51,已成,0
603713,100,证券买入,100,95.17,已成,0
603856,100,证券买入,700,15.16,已成,0
2352,101,证券卖出,100,56.25,部分成交,0
2352,101,证券卖出,500,56.25,部分成交,0
2555,101,证券卖出,3100,43.72,已成,0
2352,101,证券卖出,300,56.25,部分成交,0
2352,101,证券卖出,100,56.25,已成,0
300566,101,证券卖出,100,29.14,部分成交,0
2829,101,证券卖出,1100,34.84,已成,0
2705,100,证券买入,1500,34.52,已成,0
300566,101,证券卖出,100,29.12,部分成交,0
300566,101,证券卖出,700,29.12,已成,0
300751,100,证券买入,100,289.45,已成,0
603856,100,证券买入,500,15.18,部分成交,0
603856,100,证券买入,200,15.19,部分成交,0
603856,100,证券买入,100,15.19,部分成交,0
603856,100,证券买入,200,15.2,部分成交,0
603856,100,证券买入,2200,15.21,已成,0
2891,100,证券买入,300,38.56,已成,0
2555,101,证券卖出,1300,43.69,部分成交,0
2829,101,证券卖出,800,34.81,已成,0
2555,101,证券卖出,100,43.69,部分成交,0
2555,101,证券卖出,1200,43.69,已成,0
300577,101,证券卖出,200,29.64,部分成交,0
300566,101,证券卖出,200,29.1,部分成交,0
300577,101,证券卖出,200,29.64,已成,0
300566,101,证券卖出,700,29.1,已成,0
2352,101,证券卖出,100,56.29,部分成交,0
2352,101,证券卖出,400,56.25,部分成交,0
2352,101,证券卖出,500,56.25,已成,0
2891,100,证券买入,100,38.53,已成,0
300751,100,证券买入,100,289.47,已成,0
603713,100,证券买入,100,95.09,已成,0
600486,100,证券买入,100,80.47,已成,0
603856,100,证券买入,100,15.15,部分成交,0
603856,100,证券买入,100,15.15,部分成交,0
300566,101,证券卖出,1700,29.14,已成,0
2555,101,证券卖出,200,43.67,部分成交,0
2352,101,证券卖出,300,56.25,已成,0
2555,101,证券卖出,200,43.67,部分成交,0
2555,101,证券卖出,200,43.67,已成,0
300577,101,证券卖出,100,29.63,部分成交,0
300455,100,证券买入,40,14.29,部分成交,0
300455,100,证券买入,60,14.29,已成,0
2705,100,证券买入,400,34.56,已成,0
2891,100,证券买入,100,38.57,已成,0
300577,101,证券卖出,200,29.63,已成,0
603713,100,证券买入,100,95.19,已成,0
2829,101,证券卖出,100,34.87,已成,0
2829,101,证券卖出,400,34.89,部分成交,0
2829,101,证券卖出,400,34.88,已成,0
2705,100,证券买入,100,34.52,已成,0
2829,101,证券卖出,100,34.94,部分成交,0
2829,101,证券卖出,400,34.91,已成,0
2555,101,证券卖出,1400,43.75,部分成交,0
2705,100,证券买入,100,34.52,已成,0
2555,101,证券卖出,1000,43.73,部分成交,0
2555,101,证券卖出,300,43.72,已成,0
603713,100,证券买入,100,95.57,已成,0
2555,101,证券卖出,700,43.75,部分成交,0
2829,101,证券卖出,200,34.9,已成,0
2555,101,证券卖出,1000,43.75,部分成交,0
2555,101,证券卖出,300,43.75,部分成交,0
2555,101,证券卖出,100,43.74,部分成交,0
2555,101,证券卖出,100,43.74,部分成交,0
2555,101,证券卖出,100,43.74,部分成交,0
2555,101,证券卖出,100,43.73,部分成交,0
2555,101,证券卖出,623,43.72,部分成交,0
2555,101,证券卖出,200,43.72,部分成交,0
2555,101,证券卖出,677,43.72,已成,0
2705,100,证券买入,100,34.51,已成,0
603713,100,证券买入,100,95.57,已成,0
2555,101,证券卖出,900,43.72,部分成交,0
2555,101,证券卖出,600,43.72,部分成交,0
2555,101,证券卖出,1400,43.71,部分成交,0
2555,101,证券卖出,900,43.71,已成,0
2829,101,证券卖出,400,34.9,已成,0
2705,100,证券买入,100,34.51,已成,0
603713,100,证券买入,100,95.5,已成,0
2555,101,证券卖出,500,43.73,部分成交,0
2829,101,证券卖出,100,34.94,已成,0
2555,101,证券卖出,300,43.73,部分成交,0
2555,101,证券卖出,2200,43.71,已成,0
2891,100,证券买入,200,38.57,部分成交,0
2891,100,证券买入,100,38.6,已成,0
2705,100,证券买入,300,34.52,已成,0
603338,100,证券买入,100,74.48,已成,0
603713,100,证券买入,100,95.57,部分成交,0
603713,100,证券买入,500,95.57,已成,0
300577,101,证券卖出,200,29.57,已成,0
2555,101,证券卖出,900,43.69,部分成交,0
2555,101,证券卖出,500,43.69,部分成交,0
2555,101,证券卖出,100,43.68,部分成交,0
2555,101,证券卖出,100,43.68,部分成交,0
2555,101,证券卖出,300,43.68,部分成交,0
2555,101,证券卖出,100,43.68,部分成交,0
2555,101,证券卖出,300,43.68,部分成交,0
2555,101,证券卖出,200,43.68,部分成交,0
2555,101,证券卖出,200,43.68,部分成交,0
2555,101,证券卖出,100,43.68,部分成交,0
2555,101,证券卖出,300,43.68,部分成交,0
2555,101,证券卖出,100,43.68,部分成交,0
2555,101,证券卖出,200,43.68,部分成交,0
2555,101,证券卖出,1400,43.68,部分成交,0
2555,101,证券卖出,400,43.68,部分成交,0
2555,101,证券卖出,300,43.68,部分成交,0
2555,101,证券卖出,200,43.68,已成,0
2705,100,证券买入,800,34.52,已成,0
2891,100,证券买入,300,38.6,已成,0
603360,101,证券卖出,100,20.07,已成,0
600486,100,证券买入,100,80.31,已成,0
603338,100,证券买入,100,74.48,已成,0
603856,100,证券买入,100,15.18,部分成交,0
603856,100,证券买入,500,15.19,已成,0
603713,100,证券买入,200,95.51,已成,0
2555,101,证券卖出,4000,43.66,已成,0
2829,101,证券卖出,600,34.8,已成,0
2891,100,证券买入,300,38.59,已成,0
300577,101,证券卖出,100,29.6,部分成交,0
300577,101,证券卖出,200,29.58,已成,0
2705,100,证券买入,700,34.52,已成,0
603360,101,证券卖出,600,20.06,部分成交,0
603360,101,证券卖出,300,20.06,部分成交,0
603360,101,证券卖出,300,20.06,已成,0
600486,100,证券买入,100,80.24,部分成交,0
600486,100,证券买入,100,80.25,已成,0
603713,100,证券买入,100,95.5,部分成交,0
603713,100,证券买入,100,95.5,部分成交,0
603713,100,证券买入,100,95.67,部分成交,0
603713,100,证券买入,200,95.67,部分成交,0
603713,100,证券买入,100,95.67,已成,0
603856,100,证券买入,500,15.18,部分成交,0
603856,100,证券买入,2900,15.19,已成,0
2829,101,证券卖出,600,34.88,已成,0
2891,100,证券买入,200,38.6,已成,0
2705,100,证券买入,600,34.55,部分成交,0
2705,100,证券买入,100,34.55,已成,0
2555,101,证券卖出,200,43.63,部分成交,0
600486,100,证券买入,200,80.25,部分成交,0
603360,101,证券卖出,1100,20.05,已成,0
600486,100,证券买入,200,80.29,部分成交,0
600486,100,证券买入,100,80.3,已成,0
2555,101,证券卖出,1000,43.63,部分成交,0
603856,100,证券买入,200,15.18,部分成交,0
603856,100,证券买入,1000,15.18,已成,0
2555,101,证券卖出,500,43.63,已成,0
603360,101,证券卖出,600,20.04,已成,0
2829,101,证券卖出,400,34.8,已成,0
2829,101,证券卖出,1300,34.82,已成,0
2705,100,证券买入,100,34.55,部分成交,0
2891,100,证券买入,300,38.54,已成,0
2705,100,证券买入,300,34.55,已成,0
603338,100,证券买入,100,74.44,已成,0
2829,101,证券卖出,700,34.81,部分成交,0
2829,101,证券卖出,700,34.81,已成,0
2705,100,证券买入,100,34.55,已成,0
2891,100,证券买入,500,38.52,已成,0
603338,100,证券买入,100,74.43,已成,0
2829,101,证券卖出,200,34.8,部分成交,0
2555,101,证券卖出,300,43.63,部分成交,0
2829,101,证券卖出,1300,34.8,部分成交,0
2555,101,证券卖出,600,43.63,部分成交,0
2829,101,证券卖出,100,34.8,已成,0
2555,101,证券卖出,100,43.63,部分成交,0
2555,101,证券卖出,600,43.63,部分成交,0
2555,101,证券卖出,300,43.63,部分成交,0
2555,101,证券卖出,200,43.62,已成,0
2891,100,证券买入,200,38.52,部分成交,0
2891,100,证券买入,300,38.54,已成,0
2705,100,证券买入,100,34.51,部分成交,0
2705,100,证券买入,100,34.55,部分成交,0
2705,100,证券买入,200,34.55,已成,0
603338,100,证券买入,100,74.35,已成,0
2555,101,证券卖出,73,43.6,部分成交,0
2555,101,证券卖出,500,43.6,部分成交,0
2829,101,证券卖出,1400,34.82,已成,0
2555,101,证券卖出,100,43.6,部分成交,0
2555,101,证券卖出,1527,43.6,已成,0
2705,100,证券买入,600,34.5,已成,0
2891,100,证券买入,100,38.54,已成,0
603338,100,证券买入,100,74.35,已成,0
2555,101,证券卖出,273,43.58,部分成交,0
2555,101,证券卖出,27,43.58,已成,0
2829,101,证券卖出,1200,34.87,已成,0
300566,101,证券卖出,400,29.15,已成,0
2705,100,证券买入,100,34.49,部分成交,0
2705,100,证券买入,100,34.49,部分成交,0
2705,100,证券买入,100,34.49,部分成交,0
2705,100,证券买入,100,34.5,已成,0
2891,100,证券买入,100,38.51,部分成交,0
2891,100,证券买入,100,38.51,部分成交,0
2891,100,证券买入,100,38.51,部分成交,0
2891,100,证券买入,100,38.51,部分成交,0
2891,100,证券买入,100,38.51,已成,0
600486,100,证券买入,200,80.15,已成,0
603338,100,证券买入,300,74.32,部分成交,0
603338,100,证券买入,200,74.34,部分成交,0
603338,100,证券买入,100,74.34,已成,0
2555,101,证券卖出,800,43.6,已成,0
2891,100,证券买入,100,38.47,部分成交,0
300566,101,证券卖出,900,29.15,已成,0
2891,100,证券买入,100,38.47,部分成交,0
2891,100,证券买入,100,38.47,已成,0
300751,100,证券买入,100,292.89,已成,0
2705,100,证券买入,500,34.5,已成,0
600486,100,证券买入,100,80.14,部分成交,0
600486,100,证券买入,200,80.15,部分成交,0
600486,100,证券买入,200,80.15,部分成交,0
600486,100,证券买入,100,80.15,已成,0
603338,100,证券买入,100,74.36,已成,0
603856,100,证券买入,200,15.19,已成,0
300566,101,证券卖出,200,29.17,部分成交,0
300566,101,证券卖出,100,29.16,部分成交,0
2555,101,证券卖出,800,43.55,已成,0
300566,101,证券卖出,200,29.16,部分成交,0
300566,101,证券卖出,100,29.16,部分成交,0
300566,101,证券卖出,200,29.15,部分成交,0
300566,101,证券卖出,600,29.15,已成,0
2705,100,证券买入,400,34.49,部分成交,0
2829,101,证券卖出,500,34.93,已成,0
2705,100,证券买入,800,34.49,已成,0
300455,100,证券买入,940,14.26,部分成交,0
300455,100,证券买入,400,14.26,部分成交,0
300455,100,证券买入,500,14.26,部分成交,0
300455,100,证券买入,700,14.26,部分成交,0
300455,100,证券买入,200,14.26,部分成交,0
300455,100,证券买入,60,14.26,已成,0
603856,100,证券买入,3800,15.19,已成,0
603338,100,证券买入,100,74.33,已成,0
603713,100,证券买入,100,95.3,已成,0
2891,100,证券买入,600,38.42,已成,0
300566,101,证券卖出,1000,29.15,部分成交,0
300566,101,证券卖出,400,29.15,已成,0
2829,101,证券卖出,100,34.85,部分成交,0
2829,101,证券卖出,400,34.85,已成,0
2555,101,证券卖出,100,43.54,部分成交,0
300455,100,证券买入,100,14.23,已成,0
2555,101,证券卖出,500,43.54,部分成交,0
2555,101,证券卖出,100,43.54,部分成交,0
2555,101,证券卖出,2500,43.54,部分成交,0
2555,101,证券卖出,1000,43.54,部分成交,0
2555,101,证券卖出,1000,43.54,已成,0
603856,100,证券买入,1900,15.19,已成,0
2891,100,证券买入,200,38.44,已成,0
600486,100,证券买入,300,80.08,部分成交,0
603338,100,证券买入,100,74.34,已成,0
2555,101,证券卖出,100,43.45,已成,0
2555,101,证券卖出,400,43.5,已成,0
2555,101,证券卖出,3000,43.47,部分成交,0
2555,101,证券卖出,2200,43.47,已成,0
603338,100,证券买入,100,74.49,已成,0
603713,100,证券买入,100,95.66,已成,0
300455,100,证券买入,1100,14.28,已成,0
600486,100,证券买入,400,80.33,部分成交,0
600486,100,证券买入,300,80.35,已成,0
603713,100,证券买入,100,95.66,已成,0
2555,101,证券卖出,300,43.38,已成,0
2829,101,证券卖出,600,34.86,已成,0
2891,100,证券买入,300,38.6,已成,0
300455,100,证券买入,800,14.28,部分成交,0
300455,100,证券买入,700,14.28,已成,0
600486,100,证券买入,100,80.41,部分成交,0
600486,100,证券买入,200,80.41,部分成交,0
600486,100,证券买入,100,80.41,已成,0
603338,100,证券买入,200,74.56,已成,0
2555,101,证券卖出,5600,43.4,已成,0
2829,101,证券卖出,400,34.85,部分成交,0
2829,101,证券卖出,500,34.85,部分成交,0
2705,100,证券买入,500,34.4,已成,0
2829,101,证券卖出,200,34.85,已成,0
2891,100,证券买入,300,38.62,已成,0
300455,100,证券买入,500,14.29,部分成交,0
300455,100,证券买入,1000,14.29,已成,0
600486,100,证券买入,100,80.45,已成,0
603713,100,证券买入,100,95.81,已成,0
603338,100,证券买入,200,74.44,已成,0
2829,101,证券卖出,800,34.85,已成,0
2705,100,证券买入,600,34.39,已成,0
300455,100,证券买入,1900,14.28,已成,0
600486,100,证券买入,100,80.42,已成,0
2705,100,证券买入,100,34.4,部分成交,0
2829,101,证券卖出,600,34.86,已成,0
2705,100,证券买入,300,34.4,部分成交,0
2705,100,证券买入,200,34.4,已成,0
300455,100,证券买入,500,14.28,部分成交,0
300455,100,证券买入,900,14.29,已成,0
600486,100,证券买入,100,80.43,已成,0
603713,100,证券买入,100,96.17,已成,0
603856,100,证券买入,300,15.18,已成,0
603338,100,证券买入,100,74.53,已成,0
300566,101,证券卖出,400,29.2,已成,0
2829,101,证券卖出,600,34.86,已成,0
300455,100,证券买入,1400,14.28,已成,0
2705,100,证券买入,600,34.41,已成,0
603338,100,证券买入,200,74.56,已成,0
603856,100,证券买入,500,15.19,部分成交,0
603856,100,证券买入,200,15.19,部分成交,0
603856,100,证券买入,400,15.19,部分成交,0
603856,100,证券买入,100,15.19,部分成交,0
603856,100,证券买入,500,15.19,已成,0
600486,100,证券买入,100,80.36,已成,0
603856,100,证券买入,1600,15.21,已成,0
603856,100,证券买入,1000,15.21,已成,0
300577,101,证券卖出,100,29.57,已成,0
603856,100,证券买入,300,15.21,部分成交,0
603856,100,证券买入,100,15.21,已成,0
300577,101,证券卖出,200,29.58,已成,0
2829,101,证券卖出,500,34.81,部分成交,0
2829,101,证券卖出,100,34.81,部分成交,0
2829,101,证券卖出,1200,34.81,已成,0
603856,100,证券买入,300,15.22,已成,0
603338,100,证券买入,100,74.47,已成,0
300577,101,证券卖出,200,29.55,已成,0
2829,101,证券卖出,300,34.82,部分成交,0
2829,101,证券卖出,300,34.82,已成,0
603338,100,证券买入,100,74.42,已成,0
603856,100,证券买入,600,15.23,已成,0
2829,101,证券卖出,100,34.83,部分成交,0
300577,101,证券卖出,300,29.55,部分成交,0
300577,101,证券卖出,400,29.55,已成,0
2829,101,证券卖出,1000,34.82,已成,0
2891,100,证券买入,100,38.74,已成,0
2705,100,证券买入,100,34.58,部分成交,0
2705,100,证券买入,200,34.58,部分成交,0
2705,100,证券买入,500,34.59,已成,0
600486,100,证券买入,300,80.26,已成,0
603713,100,证券买入,100,96.21,已成,0
603856,100,证券买入,1000,15.2,已成,0
2829,101,证券卖出,200,34.84,部分成交,0
2829,101,证券卖出,800,34.82,已成,0
300566,101,证券卖出,100,29.29,已成,0
300577,101,证券卖出,100,29.55,已成,0
2891,100,证券买入,100,38.74,已成,0
2705,100,证券买入,100,34.59,部分成交,0
2705,100,证券买入,200,34.61,部分成交,0
2705,100,证券买入,100,34.61,部分成交,0
600486,100,证券买入,20,80.1,部分成交,0
600486,100,证券买入,80,80.1,已成,0
603338,100,证券买入,100,74.39,已成,0
603856,100,证券买入,2200,15.23,部分成交,0
603856,100,证券买入,200,15.23,部分成交,0
603856,100,证券买入,100,15.23,已成,0
603713,100,证券买入,100,96.09,已成,0
2705,100,证券买入,200,34.61,部分成交,0
2829,101,证券卖出,900,34.84,已成,0
300566,101,证券卖出,100,29.35,部分成交,0
2891,100,证券买入,1200,38.68,已成,0
300566,101,证券卖出,100,29.35,已成,0
2705,100,证券买入,800,34.58,已成,0
600486,100,证券买入,200,80.24,已成,0
603713,100,证券买入,100,96.14,已成,0
603856,100,证券买入,700,15.23,已成,0
603338,100,证券买入,100,74.54,已成,0
2829,101,证券卖出,2300,34.82,已成,0
300566,101,证券卖出,100,29.39,已成,0
300577,101,证券卖出,300,29.55,已成,0
300455,100,证券买入,900,14.32,已成,0
600486,100,证券买入,100,80.24,已成,0
2705,100,证券买入,300,34.58,部分成交,0
603338,100,证券买入,100,74.33,已成,0
603856,100,证券买入,100,15.21,部分成交,0
603856,100,证券买入,700,15.22,已成,0
603713,100,证券买入,100,96.11,部分成交,0
603713,100,证券买入,100,96.15,已成,0
2891,100,证券买入,100,38.71,已成,0
2829,101,证券卖出,200,34.85,部分成交,0
2829,101,证券卖出,100,34.84,部分成交,0
2829,101,证券卖出,700,34.83,部分成交,0
2829,101,证券卖出,200,34.83,部分成交,0
2829,101,证券卖出,100,34.83,部分成交,0
2829,101,证券卖出,800,34.82,已成,0
300566,101,证券卖出,300,29.47,已成,0
2705,100,证券买入,100,34.61,部分成交,0
2705,100,证券买入,300,34.62,已成,0
600486,100,证券买入,300,80.29,部分成交,0
600486,100,证券买入,100,80.29,部分成交,0
603856,100,证券买入,600,15.23,已成,0
603338,100,证券买入,100,74.36,已成,0
300577,101,证券卖出,200,29.54,已成,0
600486,100,证券买入,200,80.34,已成,0
2829,101,证券卖出,400,34.84,部分成交,0
2829,101,证券卖出,400,34.84,部分成交,0
2829,101,证券卖出,100,34.83,部分成交,0
2829,101,证券卖出,300,34.83,已成,0
300577,101,证券卖出,400,29.53,部分成交,0
300577,101,证券卖出,100,29.52,已成,0
300566,101,证券卖出,100,29.45,已成,0
300751,100,证券买入,100,292.0,已成,0
300455,100,证券买入,100,14.34,部分成交,0
300455,100,证券买入,300,14.34,部分成交,0
300455,100,证券买入,800,14.34,已成,0
603713,100,证券买入,100,96.01,已成,0
603856,100,证券买入,200,15.24,部分成交,0
603338,100,证券买入,100,74.53,已成,0
600486,100,证券买入,800,80.4,已成,0
603856,100,证券买入,400,15.24,已成,0
2705,100,证券买入,400,34.55,已成,0
300566,101,证券卖出,100,29.5,已成,0
2891,100,证券买入,90,38.94,部分成交,0
600486,100,证券买入,100,80.46,已成,0
300566,101,证券卖出,700,29.4,已成,0
600486,100,证券买入,100,80.43,部分成交,0
600486,100,证券买入,100,80.45,已成,0
300566,101,证券卖出,300,29.42,部分成交,0
300566,101,证券卖出,400,29.41,已成,0
2891,100,证券买入,100,39.04,已成,0
2705,100,证券买入,500,34.53,已成,0
600486,100,证券买入,100,80.45,已成,0
603338,100,证券买入,100,74.35,已成,0
300566,101,证券卖出,200,29.45,部分成交,0
300566,101,证券卖出,500,29.45,已成,0
300577,101,证券卖出,200,29.46,已成,0
2705,100,证券买入,300,34.53,部分成交,0
2705,100,证券买入,200,34.53,已成,0
603338,100,证券买入,100,74.36,已成,0
300566,101,证券卖出,700,29.48,已成,0
2705,100,证券买入,500,34.53,已成,0
600486,100,证券买入,300,80.51,已成,0
603338,100,证券买入,100,74.36,已成,0
300566,101,证券卖出,100,29.54,部分成交,0
300566,101,证券卖出,200,29.54,已成,0
300455,100,证券买入,100,14.37,已成,0
2705,100,证券买入,300,34.53,部分成交,0
2705,100,证券买入,600,34.53,已成,0
2891,100,证券买入,300,39.2,部分成交,0
2891,100,证券买入,200,39.21,已成,0
600486,100,证券买入,100,80.51,已成,0
603338,100,证券买入,100,74.36,已成,0
300566,101,证券卖出,300,29.53,已成,0
300577,101,证券卖出,200,29.46,已成,0
2705,100,证券买入,400,34.53,部分成交,0
300455,100,证券买入,300,14.36,部分成交,0
300455,100,证券买入,600,14.36,已成,0
2705,100,证券买入,300,34.53,已成,0
603338,100,证券买入,100,74.4,已成,0
600486,100,证券买入,100,80.47,已成,0
300566,101,证券卖出,600,29.53,已成,0
300455,100,证券买入,100,14.37,已成,0
2705,100,证券买入,100,34.47,部分成交,0
600486,100,证券买入,100,80.45,已成,0
603713,100,证券买入,100,95.74,已成,0
2891,100,证券买入,100,39.3,已成,0
603338,100,证券买入,100,74.48,已成,0
300566,101,证券卖出,100,29.56,部分成交,0
300566,101,证券卖出,200,29.55,已成,0
2891,100,证券买入,100,39.23,已成,0
2829,101,证券卖出,900,34.95,已成,0
2705,100,证券买入,100,34.45,部分成交,0
300455,100,证券买入,700,14.37,已成,0
600486,100,证券买入,100,80.4,已成,0
603338,100,证券买入,100,74.28,已成,0
603713,100,证券买入,100,95.67,已成,0
2891,100,证券买入,200,39.19,已成,0
600486,100,证券买入,100,80.29,已成,0
300455,100,证券买入,400,14.38,部分成交,0
300455,100,证券买入,1000,14.38,已成,0
300751,100,证券买入,100,291.57,已成,0
2705,100,证券买入,300,34.35,已成,0
600486,100,证券买入,1300,80.29,已成,0
2891,100,证券买入,100,39.16,已成,0
2705,100,证券买入,100,34.38,部分成交,0
2891,100,证券买入,100,39.17,已成,0
2705,100,证券买入,100,34.38,部分成交,0
300455,100,证券买入,300,14.38,部分成交,0
300455,100,证券买入,400,14.39,已成,0
600486,100,证券买入,200,80.38,已成,0
300577,101,证券卖出,100,29.41,已成,0
300455,100,证券买入,300,14.38,已成,0
2891,100,证券买入,200,39.19,已成,0
300751,100,证券买入,100,292.93,已成,0
2705,100,证券买入,100,34.39,部分成交,0
2705,100,证券买入,100,34.39,部分成交,0
2705,100,证券买入,800,34.4,已成,0
600486,100,证券买入,100,80.41,已成,0
300577,101,证券卖出,100,29.41,已成,0
300751,100,证券买入,100,293.0,已成,0
2705,100,证券买入,600,34.4,已成,0
300455,100,证券买入,300,14.37,部分成交,0
300455,100,证券买入,200,14.38,已成,0
600486,100,证券买入,100,80.3,已成,0
2891,100,证券买入,100,39.22,已成,0
300566,101,证券卖出,300,29.47,部分成交,0
300566,101,证券卖出,400,29.46,已成,0
2705,100,证券买入,300,34.37,已成,0
300577,101,证券卖出,200,29.41,已成,0
2891,100,证券买入,100,39.17,已成,0
600486,100,证券买入,100,80.29,已成,0
603713,100,证券买入,100,95.36,已成,0
300566,101,证券卖出,400,29.46,已成,0
300577,101,证券卖出,200,29.42,已成,0
2705,100,证券买入,900,34.37,已成,0
300455,100,证券买入,200,14.37,已成,0
600486,100,证券买入,34,80.31,部分成交,0
600486,100,证券买入,66,80.32,已成,0
603713,100,证券买入,100,95.31,已成,0
300566,101,证券卖出,500,29.45,已成,0
300577,101,证券卖出,100,29.42,已成,0
300751,100,证券买入,100,293.44,已成,0
2705,100,证券买入,300,34.37,已成,0
600486,100,证券买入,100,80.3,部分成交,0
600486,100,证券买入,100,80.3,部分成交,0
600486,100,证券买入,100,80.31,部分成交,0
600486,100,证券买入,134,80.32,部分成交,0
600486,100,证券买入,166,80.34,已成,0
603856,100,证券买入,800,15.22,部分成交,0
603856,100,证券买入,1100,15.23,已成,0
603713,100,证券买入,100,95.39,已成,0
300566,101,证券卖出,700,29.5,已成,0
300577,101,证券卖出,100,29.42,已成,0
2705,100,证券买入,200,34.38,已成,0
300455,100,证券买入,100,14.36,已成,0
600486,100,证券买入,100,80.21,部分成交,0
600486,100,证券买入,200,80.21,部分成交,0
600486,100,证券买入,200,80.24,部分成交,0
600486,100,证券买入,100,80.24,已成,0
603713,100,证券买入,100,95.46,已成,0
603856,100,证券买入,1700,15.23,已成,0
2891,100,证券买入,300,39.18,已成,0
603338,100,证券买入,100,74.35,已成,0
300577,101,证券卖出,100,29.42,已成,0
603338,100,证券买入,200,74.37,已成,0
2705,100,证券买入,400,34.37,部分成交,0
2705,100,证券买入,100,34.37,已成,0
603338,100,证券买入,100,74.37,部分成交,0
603338,100,证券买入,100,74.39,已成,0
300566,101,证券卖出,800,29.52,已成,0
300577,101,证券卖出,100,29.42,已成,0
2705,100,证券买入,100,34.4,已成,0
600486,100,证券买入,900,80.05,已成,0
603338,100,证券买入,100,74.38,已成,0
300577,101,证券卖出,100,29.41,已成,0
300566,101,证券卖出,1700,29.52,部分成交,0
300566,101,证券卖出,200,29.5,已成,0
2891,100,证券买入,100,39.24,已成,0
2705,100,证券买入,500,34.4,已成,0
600486,100,证券买入,500,80.01,部分成交,0
600486,100,证券买入,400,80.01,部分成交,0
600486,100,证券买入,200,80.01,部分成交,0
600486,100,证券买入,100,80.01,部分成交,0
600486,100,证券买入,100,80.02,部分成交,0
600486,100,证券买入,100,80.02,部分成交,0
600486,100,证券买入,200,80.02,已成,0
603713,100,证券买入,200,95.28,已成,0
603338,100,证券买入,100,74.35,已成,0
300566,101,证券卖出,100,29.54,部分成交,0
300577,101,证券卖出,100,29.41,已成,0
300566,101,证券卖出,400,29.53,部分成交,0
300455,100,证券买入,100,14.36,已成,0
2705,100,证券买入,300,34.4,部分成交,0
2705,100,证券买入,100,34.4,部分成交,0
2705,100,证券买入,100,34.4,已成,0
2891,100,证券买入,100,39.23,已成,0
603713,100,证券买入,200,95.3,已成,0
603338,100,证券买入,100,74.35,已成,0
300566,101,证券卖出,200,29.52,部分成交,0
300566,101,证券卖出,800,29.52,部分成交,0
300577,101,证券卖出,100,29.4,已成,0
2705,100,证券买入,500,34.37,已成,0
2891,100,证券买入,100,39.15,已成,0
603338,100,证券买入,100,74.24,已成,0
603713,100,证券买入,200,95.39,已成,0
300577,101,证券卖出,100,29.4,已成,0
300566,101,证券卖出,2300,29.5,部分成交,0
300566,101,证券卖出,200,29.5,已成,0
2705,100,证券买入,100,34.36,部分成交,0
2705,100,证券买入,2100,34.37,部分成交,0
2891,100,证券买入,100,39.16,已成,0
2705,100,证券买入,1100,34.37,已成,0
603713,100,证券买入,100,95.28,已成,0
603338,100,证券买入,100,74.33,已成,0
300566,101,证券卖出,1200,29.5,已成,0
300577,101,证券卖出,100,29.39,已成,0
300455,100,证券买入,100,14.35,已成,0
2705,100,证券买入,2700,34.37,已成,0
2891,100,证券买入,200,39.16,已成,0
603338,100,证券买入,100,74.28,已成,0
603713,100,证券买入,200,95.28,已成,0
603856,100,证券买入,900,15.22,部分成交,0
603856,100,证券买入,100,15.22,部分成交,0
603856,100,证券买入,100,15.22,部分成交,0
603856,100,证券买入,1200,15.23,部分成交,0
603856,100,证券买入,100,15.23,部分成交,0
603856,100,证券买入,200,15.23,已成,0
603338,100,证券买入,100,74.17,已成,0
603856,100,证券买入,900,15.23,部分成交,0
603856,100,证券买入,1500,15.24,已成,0
603713,100,证券买入,100,95.26,已成,0
603713,100,证券买入,200,95.26,已成,0
603856,100,证券买入,200,15.21,已成,0
603338,100,证券买入,100,74.16,已成,0
603713,100,证券买入,200,95.26,已成,0
2829,101,证券卖出,100,34.98,已成,0
603856,100,证券买入,100,15.21,已成,0
603338,100,证券买入,100,74.2,已成,0
603713,100,证券买入,100,95.25,已成,0
300577,101,证券卖出,300,29.41,已成,0
2829,101,证券卖出,100,34.98,已成,0
603338,100,证券买入,100,74.28,已成,0
603856,100,证券买入,200,15.22,已成,0
603713,100,证券买入,200,95.25,已成,0
300566,101,证券卖出,300,29.41,已成,0
2829,101,证券卖出,200,34.96,已成,0
300566,101,证券卖出,800,29.4,已成,0
603856,100,证券买入,200,15.22,已成,0
603713,100,证券买入,200,95.26,已成,0
300566,101,证券卖出,800,29.43,已成,0
2829,101,证券卖出,400,34.95,部分成交,0
300577,101,证券卖出,200,29.4,已成,0
2829,101,证券卖出,300,34.95,部分成交,0
2829,101,证券卖出,200,34.95,已成,0
603713,100,证券买入,200,95.26,已成,0
603338,100,证券买入,100,74.21,已成,0
603856,100,证券买入,100,15.22,已成,0
2891,100,证券买入,200,38.92,部分成交,0
2829,101,证券卖出,400,34.92,部分成交,0
2829,101,证券卖出,500,34.92,部分成交,0
2829,101,证券卖出,300,34.92,已成,0
2891,100,证券买入,400,38.97,部分成交,0
2705,100,证券买入,800,34.3,已成,0
2891,100,证券买入,100,38.99,已成,0
603713,100,证券买入,300,95.19,已成,0
603338,100,证券买入,100,74.27,已成,0
603856,100,证券买入,500,15.22,已成,0
300566,101,证券卖出,800,29.4,已成,0
300577,101,证券卖出,500,29.41,部分成交,0
300577,101,证券卖出,200,29.4,已成,0
2829,101,证券卖出,1200,34.93,已成,0
2705,100,证券买入,800,34.29,已成,0
603338,100,证券买入,100,74.27,已成,0
603856,100,证券买入,400,15.22,已成,0
603713,100,证券买入,800,95.2,已成,0
2891,100,证券买入,100,38.92,部分成交,0
300566,101,证券卖出,900,29.43,已成,0
300577,101,证券卖出,500,29.4,已成,0
300455,100,证券买入,700,14.35,已成,0
2705,100,证券买入,800,34.29,已成,0
2891,100,证券买入,200,38.98,部分成交,0
2891,100,证券买入,400,38.99,已成,0
603713,100,证券买入,100,95.2,已成,0
603856,100,证券买入,2000,15.22,已成,0
2829,101,证券卖出,100,34.93,部分成交,0
2829,101,证券卖出,200,34.93,部分成交,0
2829,101,证券卖出,500,34.93,已成,0
603338,100,证券买入,100,74.18,已成,0
603338,100,证券买入,100,74.39,已成,0
603338,100,证券买入,100,74.25,已成,0
2891,100,证券买入,100,39.15,已成,0
603338,100,证券买入,100,74.37,已成,0
2829,101,证券卖出,600,34.97,已成,0
300455,100,证券买入,1200,14.43,已成,0
2891,100,证券买入,100,39.06,已成,0
603338,100,证券买入,100,74.38,已成,0
2829,101,证券卖出,100,34.99,部分成交,0
2891,100,证券买入,100,39.05,部分成交,0
2891,100,证券买入,1000,39.06,已成,0
2829,101,证券卖出,100,34.99,部分成交,0
2829,101,证券卖出,100,34.99,部分成交,0
2829,101,证券卖出,1600,34.98,部分成交,0
2829,101,证券卖出,100,34.98,部分成交,0
2829,101,证券卖出,1200,34.97,已成,0
603338,100,证券买入,100,74.37,已成,0
2829,101,证券卖出,300,34.98,部分成交,0
2829,101,证券卖出,600,34.98,已成,0
300577,101,证券卖出,100,29.3,已成,0
2891,100,证券买入,100,39.05,部分成交,0
2891,100,证券买入,300,39.06,已成,0
300455,100,证券买入,1200,14.47,已成,0
603338,100,证券买入,100,74.37,已成,0
603338,100,证券买入,200,74.22,已成,0
603338,100,证券买入,100,74.26,已成,0
603338,100,证券买入,100,74.28,已成,0
603338,100,证券买入,100,74.18,已成,0
300455,100,证券买入,100,14.45,已成,0
603338,100,证券买入,100,74.17,已成,0
603338,100,证券买入,100,74.16,已成,0
603338,100,证券买入,100,74.3,已成,0
300455,100,证券买入,200,14.47,部分成交,0
603338,100,证券买入,100,74.29,已成,0
300455,100,证券买入,400,14.47,已成,0
2891,100,证券买入,100,38.92,部分成交,0
2891,100,证券买入,100,38.93,已成,0
603338,100,证券买入,100,74.3,已成,0
603338,100,证券买入,100,74.05,已成,0
603338,100,证券买入,100,74.04,已成,0
603338,100,证券买入,100,74.03,部分成交,0
603338,100,证券买入,100,74.04,已成,0
300455,100,证券买入,5100,14.49,已成,0
603338,100,证券买入,100,74.03,已成,0
300455,100,证券买入,3400,14.5,已成,0
603338,100,证券买入,900,74.0,已成,0
300455,100,证券买入,300,14.48,部分成交,0
300455,100,证券买入,400,14.48,已成,0
2891,100,证券买入,75,38.88,部分成交,0
2891,100,证券买入,25,38.91,已成,0
603338,100,证券买入,100,73.99,已成,0
300455,100,证券买入,200,14.5,已成,0
300751,100,证券买入,100,289.67,已成,0
603360,101,证券卖出,1300,20.16,已成,0
603338,100,证券买入,20,73.76,部分成交,0
603338,100,证券买入,680,73.77,已成,0
300455,100,证券买入,3200,14.49,已成,0
300751,100,证券买入,100,289.67,已成,0
603338,100,证券买入,100,73.76,部分成交,0
603338,100,证券买入,1000,73.79,已成,0
300751,100,证券买入,100,289.67,已成,0
2891,100,证券买入,100,39.01,已成,0
603713,100,证券买入,100,95.11,已成,0
603338,100,证券买入,100,73.8,部分成交,0
603338,100,证券买入,100,73.8,已成,0
300577,101,证券卖出,100,29.5,已成,0
603338,100,证券买入,100,73.76,已成,0
603338,100,证券买入,500,73.7,已成,0
300577,101,证券卖出,100,29.5,已成,0
603338,100,证券买入,500,73.7,已成,0
603713,100,证券买入,100,95.05,已成,0
603338,100,证券买入,400,73.7,已成,0
603713,100,证券买入,100,95.05,已成,0
603338,100,证券买入,600,73.68,已成,0
300577,101,证券卖出,200,29.5,已成,0
300751,100,证券买入,100,289.37,已成,0
2891,100,证券买入,200,38.81,已成,0
603713,100,证券买入,100,95.13,已成,0
603338,100,证券买入,700,73.68,已成,0
2891,100,证券买入,100,38.8,部分成交,0
2891,100,证券买入,400,38.8,已成,0
603713,100,证券买入,100,95.13,已成,0
603338,100,证券买入,200,73.68,已成,0
300577,101,证券卖出,100,29.48,已成,0
300577,101,证券卖出,200,29.46,已成,0
2891,100,证券买入,200,38.77,已成,0
603338,100,证券买入,200,73.61,已成,0
603713,100,证券买入,100,95.13,已成,0
603713,100,证券买入,100,95.11,已成,0
603338,100,证券买入,100,73.83,已成,0
2705,100,证券买入,500,34.37,已成,0
603338,100,证券买入,100,73.83,已成,0
603338,100,证券买入,100,73.83,已成,0
2705,100,证券买入,100,34.4,已成,0
603338,100,证券买入,100,73.78,已成,0
603713,100,证券买入,100,95.26,已成,0
300751,100,证券买入,100,289.78,已成,0
2705,100,证券买入,100,34.41,已成,0
2891,100,证券买入,200,38.99,部分成交,0
2891,100,证券买入,200,38.99,已成,0
603713,100,证券买入,100,95.35,已成,0
603338,100,证券买入,100,73.75,已成,0
300566,101,证券卖出,200,29.68,已成,0
300577,101,证券卖出,100,29.47,已成,0
2705,100,证券买入,100,34.44,已成,0
603713,100,证券买入,100,95.26,已成,0
603338,100,证券买入,96,73.77,部分成交,0
603338,100,证券买入,4,73.77,已成,0
300566,101,证券卖出,100,29.7,部分成交,0
300566,101,证券卖出,200,29.7,部分成交,0
2891,100,证券买入,200,39.01,已成,0
300566,101,证券卖出,800,29.68,已成,0
2705,100,证券买入,100,34.47,已成,0
603856,100,证券买入,100,15.13,已成,0
603338,100,证券买入,100,73.75,部分成交,0
603338,100,证券买入,100,73.75,部分成交,0
603338,100,证券买入,100,73.75,部分成交,0
603338,100,证券买入,200,73.75,已成,0
300751,100,证券买入,100,289.11,已成,0
603338,100,证券买入,100,73.82,已成,0
2705,100,证券买入,200,34.4,已成,0
2705,100,证券买入,100,34.43,已成,0
300577,101,证券卖出,100,29.48,已成,0
300577,101,证券卖出,100,29.48,已成,0
2705,100,证券买入,100,34.42,已成,0
300577,101,证券卖出,100,29.48,已成,0
2705,100,证券买入,200,34.36,部分成交,0
2705,100,证券买入,200,34.36,部分成交,0
2705,100,证券买入,100,34.39,部分成交,0
2705,100,证券买入,100,34.39,已成,0
603338,100,证券买入,100,73.93,已成,0
2705,100,证券买入,200,34.39,已成,0
603338,100,证券买入,100,73.99,已成,0
300751,100,证券买入,100,288.87,已成,0
300577,101,证券卖出,100,29.48,已成,0
2891,100,证券买入,200,39.05,已成,0
603338,100,证券买入,100,73.74,已成,0
300577,101,证券卖出,100,29.47,已成,0
2891,100,证券买入,100,39.05,已成,0
300751,100,证券买入,100,288.87,已成,0
2891,100,证券买入,400,38.98,部分成交,0
2891,100,证券买入,100,39.05,已成,0
300577,101,证券卖出,100,29.45,已成,0
300566,101,证券卖出,700,29.72,已成,0
300751,100,证券买入,100,288.87,已成,0
603856,100,证券买入,500,15.09,部分成交,0
603856,100,证券买入,1100,15.1,部分成交,0
603856,100,证券买入,300,15.1,已成,0
300751,100,证券买入,100,288.87,已成,0
2891,100,证券买入,400,38.99,已成,0
603338,100,证券买入,100,73.89,已成,0
603856,100,证券买入,1300,15.09,已成,0
300577,101,证券卖出,300,29.38,已成,0
300566,101,证券卖出,200,29.7,已成,0
2891,100,证券买入,300,39.06,已成,0
300577,101,证券卖出,100,29.37,已成,0
300566,101,证券卖出,800,29.71,已成,0
2891,100,证券买入,100,39.06,已成,0
603338,100,证券买入,100,73.9,已成,0
300577,101,证券卖出,200,29.37,已成,0
603338,100,证券买入,100,73.9,已成,0
300566,101,证券卖出,600,29.64,部分成交,0
300566,101,证券卖出,500,29.64,已成,0
603338,100,证券买入,100,73.89,已成,0
300577,101,证券卖出,100,29.31,已成,0
603338,100,证券买入,100,73.89,已成,0
300566,101,证券卖出,300,29.62,部分成交,0
300566,101,证券卖出,1200,29.61,已成,0
300751,100,证券买入,100,287.72,已成,0
2891,100,证券买入,100,39.05,已成,0
603856,100,证券买入,400,15.1,已成,0
603338,100,证券买入,100,73.9,已成,0
300566,101,证券卖出,200,29.64,部分成交,0
2891,100,证券买入,500,39.06,已成,0
300566,101,证券卖出,100,29.63,已成,0
603856,100,证券买入,200,15.1,已成,0
603338,100,证券买入,80,73.97,部分成交,0
603338,100,证券买入,20,73.97,已成,0
2891,100,证券买入,200,39.05,已成,0
603338,100,证券买入,100,73.98,已成,0
603856,100,证券买入,600,15.1,已成,0
300566,101,证券卖出,200,29.67,已成,0
300577,101,证券卖出,100,29.31,部分成交,0
300577,101,证券卖出,400,29.31,已成,0
2891,100,证券买入,100,39.04,已成,0
603856,100,证券买入,1100,15.1,已成,0
300577,101,证券卖出,300,29.31,已成,0
300566,101,证券卖出,300,29.65,已成,0
2891,100,证券买入,100,39.03,已成,0
603856,100,证券买入,900,15.1,已成,0
603338,100,证券买入,4,74.07,部分成交,0
603338,100,证券买入,96,74.1,已成,0
2891,100,证券买入,100,38.98,已成,0
2891,100,证券买入,100,39.03,已成,0
2891,100,证券买入,100,39.02,已成,0
603338,100,证券买入,100,74.09,已成,0
603856,100,证券买入,200,15.02,部分成交,0
603856,100,证券买入,2700,15.02,已成,0
300577,101,证券卖出,100,29.32,已成,0
2891,100,证券买入,400,39.02,已成,0
603338,100,证券买入,100,74.08,已成,0
2891,100,证券买入,200,39.02,已成,0
603856,100,证券买入,500,14.99,部分成交,0
603856,100,证券买入,100,15.04,部分成交,0
603338,100,证券买入,100,74.08,已成,0
603856,100,证券买入,100,15.04,部分成交,0
603856,100,证券买入,100,15.04,部分成交,0
603856,100,证券买入,100,15.04,部分成交,0
603856,100,证券买入,100,15.04,部分成交,0
603856,100,证券买入,100,15.04,部分成交,0
603856,100,证券买入,200,15.06,已成,0
300577,101,证券卖出,300,29.34,已成,0
2891,100,证券买入,200,38.99,已成,0
603338,100,证券买入,100,74.08,已成,0
603856,100,证券买入,400,15.0,部分成交,0
603856,100,证券买入,200,15.0,部分成交,0
2829,101,证券卖出,1000,35.06,已成,0
300577,101,证券卖出,100,29.34,已成,0
2891,100,证券买入,100,38.97,已成,0
603338,100,证券买入,100,74.06,已成,0
300577,101,证券卖出,100,29.34,部分成交,0
300577,101,证券卖出,300,29.34,已成,0
2829,101,证券卖出,1000,35.07,已成,0
2891,100,证券买入,100,38.97,部分成交,0
2891,100,证券买入,100,38.97,部分成交,0
2891,100,证券买入,100,38.97,已成,0
603856,100,证券买入,200,15.06,已成,0
603338,100,证券买入,100,74.1,已成,0
300566,101,证券卖出,100,29.71,部分成交,0
300566,101,证券卖出,100,29.71,部分成交,0
300566,101,证券卖出,100,29.71,已成,0
300566,101,证券卖出,600,29.75,已成,0
300577,101,证券卖出,100,29.38,已成,0
2891,100,证券买入,300,38.95,已成,0
603856,100,证券买入,1300,15.05,已成,0
300751,100,证券买入,100,287.16,已成,0
300566,101,证券卖出,400,29.73,已成,0
300566,101,证券卖出,200,29.71,部分成交,0
300566,101,证券卖出,100,29.71,部分成交,0
300566,101,证券卖出,100,29.71,部分成交,0
300566,101,证券卖出,200,29.7,已成,0
300566,101,证券卖出,300,29.68,部分成交,0
300566,101,证券卖出,100,29.68,部分成交,0
300566,101,证券卖出,100,29.68,已成,0
300751,100,证券买入,100,287.83,已成,0
2891,100,证券买入,100,39.16,部分成交,0
2891,100,证券买入,1100,39.16,已成,0
603338,100,证券买入,100,74.11,已成,0
300566,101,证券卖出,500,29.77,已成,0
2891,100,证券买入,100,39.19,部分成交,0
603338,100,证券买入,100,74.05,已成,0
300566,101,证券卖出,600,29.72,已成,0
603338,100,证券买入,100,74.05,已成,0
300577,101,证券卖出,300,29.48,已成,0
300566,101,证券卖出,100,29.7,部分成交,0
300566,101,证券卖出,100,29.7,部分成交,0
300566,101,证券卖出,800,29.68,已成,0
2891,100,证券买入,100,39.27,已成,0
603856,100,证券买入,600,15.05,已成,0
603338,100,证券买入,100,74.1,已成,0
300577,101,证券卖出,200,29.41,已成,0
300566,101,证券卖出,200,29.77,已成,0
2891,100,证券买入,100,39.29,已成,0
603338,100,证券买入,100,74.08,已成,0
603856,100,证券买入,1000,15.01,已成,0
300577,101,证券卖出,100,29.41,已成,0
603856,100,证券买入,600,15.02,已成,0
300577,101,证券卖出,200,29.41,已成,0
300566,101,证券卖出,100,29.78,已成,0
2891,100,证券买入,100,39.34,部分成交,0
2891,100,证券买入,200,39.35,已成,0
603338,100,证券买入,100,74.07,已成,0
300577,101,证券卖出,200,29.41,已成,0
300566,101,证券卖出,900,29.7,部分成交,0
300566,101,证券卖出,100,29.7,已成,0
2891,100,证券买入,100,39.34,部分成交,0
2891,100,证券买入,200,39.35,已成,0
603338,100,证券买入,300,74.2,已成,0
603856,100,证券买入,600,15.02,已成,0
300577,101,证券卖出,100,29.41,已成,0
300566,101,证券卖出,900,29.81,已成,0
300751,100,证券买入,100,287.21,已成,0
2891,100,证券买入,300,39.34,已成,0
603338,100,证券买入,100,74.25,已成,0
2891,100,证券买入,100,39.39,部分成交,0
2891,100,证券买入,500,39.4,已成,0
2891,100,证券买入,100,39.4,部分成交,0
2891,100,证券买入,100,39.4,部分成交,0
2891,100,证券买入,100,39.4,部分成交,0
2891,100,证券买入,100,39.4,已成,0
603338,100,证券买入,100,74.47,已成,0
300577,101,证券卖出,100,29.4,部分成交,0
2891,100,证券买入,100,39.4,已成,0
300577,101,证券卖出,200,29.38,已成,0
603338,100,证券买入,100,74.47,部分成交,0
603856,100,证券买入,600,15.06,已成,0
603338,100,证券买入,100,74.47,已成,0
300577,101,证券卖出,100,29.4,已成,0
2891,100,证券买入,200,39.45,已成,0
603856,100,证券买入,800,15.07,已成,0
300577,101,证券卖出,100,29.4,已成,0
2891,100,证券买入,200,39.5,已成,0
603338,100,证券买入,100,74.47,已成,0
300577,101,证券卖出,100,29.4,已成,0
2891,100,证券买入,100,39.5,已成,0
603338,100,证券买入,100,74.49,已成,0
2891,100,证券买入,100,39.49,部分成交,0
300577,101,证券卖出,100,29.38,部分成交,0
2891,100,证券买入,200,39.5,已成,0
300577,101,证券卖出,100,29.37,已成,0
603338,100,证券买入,100,74.5,已成,0
300566,101,证券卖出,400,29.9,已成,0
2891,100,证券买入,100,39.45,已成,0
300577,101,证券卖出,200,29.37,已成,0
603338,100,证券买入,100,74.5,已成,0
603856,100,证券买入,300,15.09,已成,0
603338,100,证券买入,80,74.41,部分成交,0
603338,100,证券买入,20,74.45,已成,0
603338,100,证券买入,100,74.4,已成,0
603338,100,证券买入,200,74.44,已成,0
603338,100,证券买入,140,74.44,部分成交,0
603338,100,证券买入,60,74.44,已成,0
603856,100,证券买入,300,15.08,已成,0
300566,101,证券卖出,200,29.9,已成,0
603338,100,证券买入,200,74.32,已成,0
603856,100,证券买入,300,15.08,已成,0
300566,101,证券卖出,200,29.9,已成,0
603856,100,证券买入,200,15.08,已成,0
603338,100,证券买入,100,74.3,已成,0
2891,100,证券买入,600,39.35,已成,0
603338,100,证券买入,100,74.3,已成,0
603856,100,证券买入,200,15.08,已成,0
300751,100,证券买入,100,287.15,已成,0
603338,100,证券买入,100,74.31,已成,0
603856,100,证券买入,100,15.08,已成,0
300577,101,证券卖出,500,29.43,已成,0
300566,101,证券卖出,100,29.92,部分成交,0
300566,101,证券卖出,300,29.9,部分成交,0
300566,101,证券卖出,400,29.9,已成,0
2891,100,证券买入,100,39.4,已成,0
603856,100,证券买入,200,15.05,已成,0
603338,100,证券买入,100,74.38,已成,0
300577,101,证券卖出,200,29.48,部分成交,0
300566,101,证券卖出,100,29.93,部分成交,0
300577,101,证券卖出,300,29.43,已成,0
300566,101,证券卖出,300,29.91,已成,0
300751,100,证券买入,100,287.54,已成,0
603856,100,证券买入,100,15.08,已成,0
603338,100,证券买入,200,74.41,已成,0
603856,100,证券买入,800,15.04,已成,0
300751,100,证券买入,100,287.85,已成,0
603856,100,证券买入,700,15.04,已成,0
300751,100,证券买入,100,287.88,已成,0
603856,100,证券买入,400,15.05,已成,0
2891,100,证券买入,100,39.53,已成,0
603856,100,证券买入,400,15.05,已成,0
603338,100,证券买入,100,74.26,已成,0
300566,101,证券卖出,100,30.06,部分成交,0
300566,101,证券卖出,100,30.03,部分成交,0
300566,101,证券卖出,500,30.02,部分成交,0
300566,101,证券卖出,100,30.01,部分成交,0
300566,101,证券卖出,600,30.01,已成,0
603338,100,证券买入,100,74.33,部分成交,0
603338,100,证券买入,100,74.33,已成,0
603856,100,证券买入,400,15.05,已成,0
2891,100,证券买入,200,39.57,已成,0
603338,100,证券买入,100,74.39,已成,0
300751,100,证券买入,100,288.22,已成,0
603856,100,证券买入,200,15.06,已成,0
2891,100,证券买入,100,39.57,已成,0
603338,100,证券买入,100,74.3,已成,0
603856,100,证券买入,300,15.06,已成,0
2891,100,证券买入,100,39.59,已成,0
603856,100,证券买入,300,15.09,已成,0
603338,100,证券买入,100,74.23,已成,0
300751,100,证券买入,100,288.84,已成,0
300577,101,证券卖出,100,29.53,已成,0
2891,100,证券买入,100,39.57,已成,0
603856,100,证券买入,300,15.09,已成,0
300577,101,证券卖出,300,29.48,部分成交,0
300566,101,证券卖出,1300,30.1,已成,0
2891,100,证券买入,100,39.57,已成,0
603856,100,证券买入,200,15.09,已成,0
2891,100,证券买入,100,39.5,部分成交,0
2891,100,证券买入,100,39.5,已成,0
603338,100,证券买入,100,74.25,已成,0
603338,100,证券买入,100,74.37,已成,0
2891,100,证券买入,200,39.5,部分成交,0
2891,100,证券买入,100,39.5,已成,0
603338,100,证券买入,100,74.25,已成,0
300566,101,证券卖出,2200,30.04,已成,0
2891,100,证券买入,200,39.5,已成,0
603338,100,证券买入,100,74.2,已成,0
300566,101,证券卖出,1200,30.04,已成,0
2891,100,证券买入,100,39.43,部分成交,0
2891,100,证券买入,100,39.5,已成,0
603856,100,证券买入,200,15.09,已成,0
603338,100,证券买入,800,74.1,已成,0
2891,100,证券买入,100,39.46,部分成交,0
603338,100,证券买入,700,74.09,部分成交,0
603856,100,证券买入,500,15.09,已成,0
603338,100,证券买入,100,74.1,已成,0
2891,100,证券买入,100,39.46,部分成交,0
300566,101,证券卖出,2100,30.02,已成,0
603856,100,证券买入,500,15.09,已成,0
603338,100,证券买入,300,74.14,部分成交,0
603338,100,证券买入,100,74.14,已成,0
300751,100,证券买入,100,289.14,已成,0
300577,101,证券卖出,100,29.45,已成,0
2891,100,证券买入,200,39.58,已成,0
603338,100,证券买入,100,74.08,部分成交,0
603338,100,证券买入,100,74.14,已成,0
603856,100,证券买入,100,15.07,部分成交,0
603856,100,证券买入,300,15.08,已成,0
300258,101,证券卖出,1000,12.99,部分成交,0
300258,101,证券卖出,4100,12.98,已成,0
300258,101,证券卖出,1000,12.98,部分成交,0
603856,100,证券买入,500,15.05,已成,0
300258,101,证券卖出,300,12.98,部分成交,0
603856,100,证券买入,400,15.05,已成,0
300751,100,证券买入,100,290.3,已成,0
300577,101,证券卖出,500,29.37,已成,0
300258,101,证券卖出,1500,12.93,已成,0
300751,100,证券买入,100,290.29,已成,0
2891,100,证券买入,100,39.6,部分成交,0
2891,100,证券买入,100,39.6,已成,0
603856,100,证券买入,400,15.05,已成,0
300577,101,证券卖出,400,29.37,已成,0
2891,100,证券买入,100,39.6,已成,0
300751,100,证券买入,200,290.29,已成,0
603338,100,证券买入,300,74.05,已成,0
603856,100,证券买入,100,15.04,部分成交,0
603856,100,证券买入,100,15.04,部分成交,0
603856,100,证券买入,200,15.04,已成,0
300258,101,证券卖出,700,12.92,部分成交,0
300258,101,证券卖出,600,12.91,已成,0
2891,100,证券买入,100,39.6,已成,0
603856,100,证券买入,400,15.06,已成,0
603338,100,证券买入,200,74.04,已成,0
2891,100,证券买入,100,39.59,已成,0
300577,101,证券卖出,100,29.37,已成,0
300751,100,证券买入,100,290.98,已成,0
300258,101,证券卖出,700,12.91,部分成交,0
603338,100,证券买入,200,74.18,已成,0
603856,100,证券买入,200,15.05,部分成交,0
603856,100,证券买入,200,15.06,已成,0
300258,101,证券卖出,400,12.91,已成,0
300258,101,证券卖出,1200,12.91,部分成交,0
300258,101,证券卖出,400,12.9,已成,0
2891,100,证券买入,100,39.6,已成,0
603338,100,证券买入,100,74.01,已成,0
603856,100,证券买入,100,15.02,部分成交,0
603856,100,证券买入,100,15.02,部分成交,0
603856,100,证券买入,100,15.02,部分成交,0
603856,100,证券买入,100,15.02,已成,0
300566,101,证券卖出,200,30.04,部分成交,0
300566,101,证券卖出,800,30.03,已成,0
2891,100,证券买入,100,39.59,已成,0
603338,100,证券买入,200,74.03,已成,0
300566,101,证券卖出,900,30.03,已成,0
2891,100,证券买入,100,39.59,已成,0
603856,100,证券买入,400,15.05,已成,0
603338,100,证券买入,200,74.03,已成,0
300258,101,证券卖出,300,12.89,已成,0
2891,100,证券买入,100,39.59,已成,0
300258,101,证券卖出,2200,12.86,部分成交,0
300258,101,证券卖出,800,12.85,已成,0
2891,100,证券买入,100,39.59,已成,0
2891,100,证券买入,100,39.59,已成,0
300258,101,证券卖出,4200,12.9,已成,0
2891,100,证券买入,100,39.59,已成,0
300258,101,证券卖出,1100,12.89,部分成交,0
300258,101,证券卖出,800,12.89,已成,0
2891,100,证券买入,100,39.54,已成,0
300258,101,证券卖出,1600,12.93,已成,0
2891,100,证券买入,300,39.49,已成,0
2891,100,证券买入,300,39.46,已成,0
603856,100,证券买入,500,15.04,部分成交,0
603856,100,证券买入,100,15.04,部分成交,0
603856,100,证券买入,100,15.05,部分成交,0
603856,100,证券买入,200,15.05,已成,0
300577,101,证券卖出,300,29.38,已成,0
2891,100,证券买入,100,39.45,已成,0
603856,100,证券买入,200,15.05,部分成交,0
603338,100,证券买入,100,74.38,已成,0
603856,100,证券买入,300,15.05,已成,0
300577,101,证券卖出,100,29.38,已成,0
2891,100,证券买入,100,39.46,部分成交,0
2891,100,证券买入,100,39.46,已成,0
603338,100,证券买入,100,74.34,已成,0
603856,100,证券买入,200,15.06,已成,0
2891,100,证券买入,100,39.46,已成,0
603856,100,证券买入,1600,15.0,已成,0
603338,100,证券买入,100,74.31,已成,0
603338,100,证券买入,100,74.31,已成,0
603856,100,证券买入,100,15.04,部分成交,0
603856,100,证券买入,700,15.04,部分成交,0
603856,100,证券买入,200,15.05,部分成交,0
603856,100,证券买入,200,15.05,部分成交,0
603856,100,证券买入,100,15.05,部分成交,0
603856,100,证券买入,200,15.05,部分成交,0
603856,100,证券买入,100,15.05,已成,0
603338,100,证券买入,100,74.3,已成,0
603856,100,证券买入,100,15.03,部分成交,0
603856,100,证券买入,400,15.03,部分成交,0
603856,100,证券买入,400,15.03,部分成交,0
603856,100,证券买入,100,15.03,部分成交,0
603856,100,证券买入,100,15.04,已成,0
300566,101,证券卖出,100,29.85,部分成交,0
300566,101,证券卖出,100,29.85,已成,0
603856,100,证券买入,100,15.03,已成,0
603338,100,证券买入,100,74.26,已成,0
300566,101,证券卖出,700,29.85,已成,0
603338,100,证券买入,100,74.26,已成,0
300566,101,证券卖出,500,29.85,已成,0
603338,100,证券买入,100,74.26,已成,0
300566,101,证券卖出,100,29.87,部分成交,0
300566,101,证券卖出,400,29.85,已成,0
603338,100,证券买入,100,74.23,已成,0
300566,101,证券卖出,200,29.85,已成,0
300566,101,证券卖出,200,29.84,已成,0
2891,100,证券买入,300,39.42,已成,0
603338,100,证券买入,100,74.4,部分成交,0
603338,100,证券买入,100,74.45,已成,0
300566,101,证券卖出,200,29.84,已成,0
2891,100,证券买入,200,39.41,已成,0
603338,100,证券买入,300,74.49,已成,0
300577,101,证券卖出,200,29.4,部分成交,0
300577,101,证券卖出,400,29.4,已成,0
300566,101,证券卖出,300,29.84,已成,0
2891,100,证券买入,200,39.41,已成,0
603338,100,证券买入,100,74.5,已成,0
2891,100,证券买入,100,39.4,已成,0
2891,100,证券买入,200,39.34,已成,0
603338,100,证券买入,200,74.88,已成,0
2891,100,证券买入,100,39.37,已成,0
2891,100,证券买入,100,39.39,已成,0
603338,100,证券买入,200,74.92,已成,0
2891,100,证券买入,100,39.39,部分成交,0
2891,100,证券买入,200,39.4,已成,0
603338,100,证券买入,100,74.89,部分成交,0
603338,100,证券买入,100,74.99,已成,0
2891,100,证券买入,200,39.4,部分成交,0
2891,100,证券买入,100,39.4,已成,0
300566,101,证券卖出,100,29.96,已成,0
2891,100,证券买入,100,39.39,已成,0
603338,100,证券买入,100,74.92,部分成交,0
603338,100,证券买入,200,74.92,部分成交,0
603338,100,证券买入,100,74.98,已成,0
603338,100,证券买入,100,74.89,部分成交,0
603338,100,证券买入,100,74.98,已成,0
300566,101,证券卖出,100,29.9,已成,0
603338,100,证券买入,200,74.98,已成,0
2891,100,证券买入,200,39.21,部分成交,0
2891,100,证券买入,200,39.21,已成,0
300566,101,证券卖出,300,29.88,已成,0
603338,100,证券买入,200,74.97,已成,0
300566,101,证券卖出,400,29.86,已成,0
2891,100,证券买入,200,39.26,已成,0
603338,100,证券买入,200,74.9,已成,0
300566,101,证券卖出,200,29.91,已成,0
2891,100,证券买入,300,39.0,已成,0
603338,100,证券买入,100,74.97,已成,0
2891,100,证券买入,400,39.26,已成,0
603338,100,证券买入,500,74.97,已成,0
300566,101,证券卖出,400,29.78,已成,0
2891,100,证券买入,900,39.26,部分成交,0
2891,100,证券买入,100,39.26,已成,0
603338,100,证券买入,100,74.96,部分成交,0
603338,100,证券买入,400,74.96,已成,0
603338,100,证券买入,500,74.93,已成,0
300566,101,证券卖出,100,29.76,已成,0
300566,101,证券卖出,100,29.76,已成,0
2891,100,证券买入,200,39.26,已成,0
603338,100,证券买入,100,74.76,已成,0
2891,100,证券买入,200,39.26,已成,0
603338,100,证券买入,100,74.77,已成,0
2891,100,证券买入,200,39.29,已成,0
2891,100,证券买入,200,39.29,已成,0
603338,100,证券买入,100,74.82,已成,0
603338,100,证券买入,100,74.87,已成,0
2891,100,证券买入,27,39.23,部分成交,0
603338,100,证券买入,100,74.88,已成,0
2891,100,证券买入,100,39.24,部分成交,0
300751,100,证券买入,100,291.85,已成,0
2891,100,证券买入,300,39.25,部分成交,0
603338,100,证券买入,300,74.88,已成,0
2891,100,证券买入,600,39.2,已成,0
603338,100,证券买入,200,74.88,部分成交,0
603338,100,证券买入,100,74.88,已成,0
2891,100,证券买入,400,39.29,已成,0
603338,100,证券买入,100,74.87,已成,0
2891,100,证券买入,300,39.22,已成,0
300751,100,证券买入,100,292.39,已成,0
603338,100,证券买入,100,74.87,已成,0
603338,100,证券买入,100,74.87,已成,0
603338,100,证券买入,100,74.67,已成,0
603338,100,证券买入,100,74.7,已成,0
603338,100,证券买入,100,74.67,已成,0
603338,100,证券买入,100,74.64,已成,0
603338,100,证券买入,100,74.6,已成,0
603338,100,证券买入,100,74.64,已成,0
2891,100,证券买入,200,39.17,已成,0
2891,100,证券买入,100,39.2,部分成交,0
2891,100,证券买入,100,39.2,部分成交,0
603338,100,证券买入,100,74.48,已成,0
300577,101,证券卖出,100,29.63,部分成交,0
300577,101,证券卖出,100,29.63,已成,0
2891,100,证券买入,100,39.26,已成,0
603338,100,证券买入,100,74.55,已成,0
603338,100,证券买入,600,74.38,已成,0
603338,100,证券买入,100,74.59,已成,0
603338,100,证券买入,100,74.59,已成,0
603338,100,证券买入,100,74.59,已成,0
603338,100,证券买入,100,74.6,已成,0
603338,100,证券买入,100,74.67,已成,0
300751,100,证券买入,200,293.55,已成,0
603338,100,证券买入,100,74.67,已成,0
300751,100,证券买入,100,293.79,部分成交,0
2891,100,证券买入,200,39.21,已成,0
603338,100,证券买入,100,74.6,已成,0
300577,101,证券卖出,300,29.79,已成,0
603338,100,证券买入,100,74.55,已成,0
2891,100,证券买入,200,39.29,已成,0
603338,100,证券买入,100,74.52,已成,0
300577,101,证券卖出,1000,29.73,已成,0
300751,100,证券买入,100,295.0,已成,0
2891,100,证券买入,200,39.21,已成,0
603338,100,证券买入,100,74.67,已成,0
603338,100,证券买入,100,74.59,已成,0
603338,100,证券买入,100,74.53,已成,0
603338,100,证券买入,100,74.57,已成,0
603338,100,证券买入,500,74.54,已成,0
2891,100,证券买入,300,39.09,已成,0
300751,100,证券买入,100,296.61,已成,0
2891,100,证券买入,400,39.09,已成,0
300751,100,证券买入,100,296.64,已成,0
2891,100,证券买入,200,39.09,部分成交,0
2891,100,证券买入,100,39.09,部分成交,0
2891,100,证券买入,100,39.11,已成,0
2891,100,证券买入,1400,39.09,已成,0
300577,101,证券卖出,300,29.77,已成,0
300577,101,证券卖出,200,29.77,已成,0
300577,101,证券卖出,200,29.77,已成,0
300751,100,证券买入,100,296.63,已成,0
2891,100,证券买入,100,39.12,已成,0
300751,100,证券买入,100,296.64,已成,0
2891,100,证券买入,200,39.12,部分成交,0
2891,100,证券买入,300,39.12,已成,0
300751,100,证券买入,100,296.68,已成,0
300577,101,证券卖出,100,29.77,已成,0
2891,100,证券买入,100,39.12,部分成交,0
2891,100,证券买入,100,39.15,部分成交,0
300751,100,证券买入,100,297.98,已成,0
300751,100,证券买入,100,297.94,已成,0
300751,100,证券买入,100,297.93,已成,0
300751,100,证券买入,100,297.92,已成,0
300751,100,证券买入,100,297.92,已成,0
300577,101,证券卖出,400,29.77,已成,0
300577,101,证券卖出,200,29.74,部分成交,0
300751,100,证券买入,100,297.81,已成,0
300577,101,证券卖出,100,29.73,已成,0
2891,100,证券买入,100,39.08,已成,0
300577,101,证券卖出,200,29.73,部分成交,0
2891,100,证券买入,100,39.15,已成,0
300577,101,证券卖出,200,29.73,已成,0
300751,100,证券买入,100,297.93,已成,0
300577,101,证券卖出,100,29.73,部分成交,0
300577,101,证券卖出,300,29.73,已成,0
2891,100,证券买入,100,39.15,已成,0
300577,101,证券卖出,200,29.58,已成,0
2891,100,证券买入,200,39.08,已成,0
300577,101,证券卖出,100,29.52,已成,0
2891,100,证券买入,100,39.08,部分成交,0
2891,100,证券买入,100,39.11,已成,0
2891,100,证券买入,100,39.07,已成,0
300577,101,证券卖出,100,29.51,已成,0
2891,100,证券买入,100,39.1,部分成交,0
2891,100,证券买入,200,39.17,已成,0
2891,100,证券买入,200,39.09,已成,0
2891,100,证券买入,300,39.09,已成,0
2891,100,证券买入,700,39.09,已成,0
2891,100,证券买入,400,39.08,已成,0
2891,100,证券买入,100,39.08,已成,0
2891,100,证券买入,500,39.07,部分成交,0
2891,100,证券买入,200,39.07,已成,0
2891,100,证券买入,300,39.07,已成,0
2891,100,证券买入,85,39.05,部分成交,0
2891,100,证券买入,100,39.05,部分成交,0
2891,100,证券买入,100,39.05,部分成交,0
2891,100,证券买入,15,39.05,已成,0
2891,100,证券买入,100,39.07,部分成交,0
2891,100,证券买入,200,39.07,已成,0
2891,100,证券买入,200,39.01,已成,0
2891,100,证券买入,500,39.02,已成,0
2891,100,证券买入,400,39.02,已成,0
2891,100,证券买入,300,38.93,已成,0
2891,100,证券买入,300,39.02,已成,0
2891,100,证券买入,300,39.02,已成,0
2891,100,证券买入,100,38.94,已成,0
2891,100,证券买入,510,39.02,部分成交,0
2891,100,证券买入,90,39.02,已成,0
2891,100,证券买入,200,39.02,已成,0
2891,100,证券买入,200,39.02,已成,0
2891,100,证券买入,200,39.02,已成,0
2891,100,证券买入,100,38.93,已成,0
2891,100,证券买入,200,38.91,已成,0
2891,100,证券买入,400,38.89,部分成交,0
2891,100,证券买入,100,38.89,已成,0
2891,100,证券买入,700,38.87,已成,0
2891,100,证券买入,500,38.87,已成,0
2891,100,证券买入,400,38.87,部分成交,0
2891,100,证券买入,100,38.88,已成,0
2891,100,证券买入,100,38.86,部分成交,0
2891,100,证券买入,700,38.9,已成,0
2891,100,证券买入,200,38.9,已成,0
2891,100,证券买入,200,38.9,部分成交,0
2891,100,证券买入,200,38.91,已成,0
2891,100,证券买入,100,38.9,已成,0
2891,100,证券买入,100,38.92,已成,0
2891,100,证券买入,600,38.9,已成,0
2891,100,证券买入,100,38.84,已成,0
2891,100,证券买入,100,38.83,已成,0
2891,100,证券买入,100,38.86,已成,0
2891,100,证券买入,100,38.87,已成,0
2891,100,证券买入,100,38.86,已成,0
2891,100,证券买入,100,38.86,已成,0
2891,100,证券买入,700,38.85,已成,0
2891,100,证券买入,600,38.85,已成,0
2891,100,证券买入,400,38.89,已成,0
2891,100,证券买入,100,38.9,已成,0
2891,100,证券买入,100,38.9,已成,0
2891,100,证券买入,200,38.91,已成,0
2891,100,证券买入,100,38.91,部分成交,0
2891,100,证券买入,100,38.91,已成,0
2891,100,证券买入,300,38.97,已成,0
2891,100,证券买入,100,38.96,已成,0
2891,100,证券买入,100,38.95,已成,0
2891,100,证券买入,100,38.95,已成,0
2891,100,证券买入,300,38.95,已成,0
2891,100,证券买入,200,38.95,已成,0
2891,100,证券买入,200,38.9,已成,0
2891,100,证券买入,300,38.9,已成,0
2891,100,证券买入,300,38.89,已成,0
2891,100,证券买入,200,38.89,已成,0
2891,100,证券买入,100,38.89,部分成交,0
2891,100,证券买入,100,38.89,已成,0
2891,100,证券买入,100,38.88,已成,0
2891,100,证券买入,100,38.88,已成,0
2891,100,证券买入,700,38.7,部分成交,0
2891,100,证券买入,100,38.7,已成,0
2891,100,证券买入,1300,38.68,已成,0
2891,100,证券买入,100,38.7,部分成交,0
2891,100,证券买入,100,38.7,已成,0
2891,100,证券买入,200,38.75,已成,0
2891,100,证券买入,500,38.74,部分成交,0
2891,100,证券买入,300,38.75,已成,0
2891,100,证券买入,300,38.7,已成,0
2891,100,证券买入,100,38.73,已成,0
2891,100,证券买入,600,38.71,已成,0
2891,100,证券买入,100,38.74,部分成交,0
2891,100,证券买入,300,38.74,已成,0
2891,100,证券买入,300,38.75,已成,0
2891,100,证券买入,300,38.77,已成,0
2891,100,证券买入,100,38.77,已成,0
2891,100,证券买入,100,38.76,已成,0
2891,100,证券买入,100,38.76,已成,0
2891,100,证券买入,100,38.79,已成,0
603317,100,证券买入,686,58.8,部分成交,0
603317,100,证券买入,100,58.8,部分成交,0
603317,100,证券买入,100,58.8,部分成交,0
603317,100,证券买入,100,58.8,部分成交,0
603317,100,证券买入,400,58.8,部分成交,0
603317,100,证券买入,400,58.8,部分成交,0
603317,100,证券买入,400,58.8,部分成交,0
603317,100,证券买入,100,58.8,部分成交,0
603317,100,证券买入,100,58.8,部分成交,0
603317,100,证券买入,100,58.8,部分成交,0
603317,100,证券买入,1300,58.8,部分成交,0
603317,101,证券卖出,100,58.99,部分成交,0
603317,101,证券卖出,100,58.99,部分成交,0
603317,101,证券卖出,1000,58.99,已成,0
603317,101,证券卖出,1200,59.06,已成,0
603317,101,证券卖出,500,59.04,部分成交,0
603317,101,证券卖出,55,59.04,部分成交,0
603317,101,证券卖出,100,59.23,部分成交,0
603317,101,证券卖出,500,59.23,部分成交,0
603317,101,证券卖出,100,59.23,部分成交,0
603317,101,证券卖出,100,59.23,已成,0
603916,100,证券买入,5000,27.52,已成,0
603916,101,证券卖出,4700,27.51,部分成交,0
603916,101,证券卖出,300,27.51,已成,0
